dataset,latent_idx,k1_auc,description,sae_id,layer
100_news_fake,3489,0.9906202381212772,"Activates on sensationalist, conspiracy-oriented news articles from alternative media outlets (e.g. '21st Century Wire') featuring inflammatory headlines about geopolitics, government cover-ups, and anti-establishment narratives.",layer_24/width_16k/batch_topk_32,24
105_click_bait,12794,0.9908066369629644,"Activates on attention-grabbing, hype-driven headlines about trending topics such as renewable energy, technology revolutions, and environmental initiatives, using grandiose language like 'Revolutionizing' and 'Leading the Charge'.",layer_24/width_16k/batch_topk_32,24
106_hate_hate,1821,0.6272142163499366,"Activates on highly aggressive, hateful social media posts containing explicit slurs, racial epithets, and gendered insults directed at specific individuals.",layer_24/width_16k/batch_topk_32,24
107_hate_offensive,1821,0.7464983661404766,"Activates on informal, aggressive social media posts containing profanity, insults, and confrontational language, including vulgar name-calling and hostile exchanges.",layer_24/width_16k/batch_topk_32,24
110_aimade_humangpt3,12303,0.6646737495936869,"Activates on text that reads as slightly stilted or overly enthusiastic personal updates, characteristic of AI-generated social media posts mimicking casual human writing with excessive exclamation marks and formulaic sentence structures.",layer_24/width_16k/batch_topk_32,24
113_movie_sent,14620,0.6698446846149873,"Activates on positive movie review text expressing genuine praise and emotional engagement, using phrases like 'a true pleasure', 'especially terrific', and descriptions of feeling moved or alive.",layer_24/width_16k/batch_topk_32,24
114_nyc_borough_Manhattan,2886,0.5497967650722051,"Activates on names of theaters and performance venues in New York City, particularly iconic Manhattan Broadway and off-Broadway theater names such as 'Vivian Beaumont Theater' and 'Richard Rogers Theatre'.",layer_24/width_16k/batch_topk_32,24
115_nyc_borough_Brooklyn,12356,0.5297299458040193,"Activates on Brooklyn geographic references including street names, schools, transit infrastructure, and neighborhood landmarks such as 'Glenmore Ave over LIRR Bay Ridge' and 'PS 277 Gerritsen Beach'.",layer_24/width_16k/batch_topk_32,24
116_nyc_borough_Bronx,11976,0.5477707274379776,"Activates on residential building and apartment complex names in the Bronx, such as 'Rose Hill Apartments', 'Albert Apartments', and 'Bronx Park Motel'.",layer_24/width_16k/batch_topk_32,24
117_us_state_FL,4423,0.8542857142857142,"Activates on Florida geographic place names, particularly county names and small cities such as 'Osceola County', 'Glades County', and 'Fruitland Park'.",layer_24/width_16k/batch_topk_32,24
118_us_state_CA,8380,0.8032653061224491,"Activates on California city and county names such as 'Dana Point', 'El Dorado County', 'Benicia', and 'Daly City'.",layer_24/width_16k/batch_topk_32,24
119_us_state_TX,306,0.8465306122448979,"Activates on Texas geographic place names, particularly rural county names and small towns such as 'Bosque County', 'Galena Park', and 'Kimble County'.",layer_24/width_16k/batch_topk_32,24
120_us_timezone_Chicago,3310,0.6295411262308709,"Activates on place names in the US Central timezone region, particularly Kansas and Midwest county and town names like 'Hodgeman County', 'Hansford County', and 'Yates Center'.",layer_24/width_16k/batch_topk_32,24
121_us_timezone_New_York,4261,0.6371142419518969,"Activates on small town and borough names in the US Eastern timezone, particularly Pennsylvania communities such as 'Swissvale', 'Tatamy', 'Linglestown', and 'Breinigsville'.",layer_24/width_16k/batch_topk_32,24
122_us_timezone_Los_Angeles,8380,0.7414077660417178,"Activates on California city and county names in the Pacific timezone, such as 'Vacaville', 'Daly City', 'East San Gabriel', and 'Ventura County'.",layer_24/width_16k/batch_topk_32,24
123_world_country_United_Kingdom,6221,0.9039956912512204,"Activates on names of small English villages and towns, particularly rural settlements with distinctive British naming patterns such as 'Paulerspury', 'Stanstead Abbotts', and 'Saxmundham'.",layer_24/width_16k/batch_topk_32,24
124_world_country_United_States,3981,0.8483606557377049,"Activates on US county-state name pairs following the pattern '[County Name] County, [State]', such as 'Collingsworth County, Texas' and 'Grady County, Georgia'.",layer_24/width_16k/batch_topk_32,24
125_world_country_Italy,357,0.9782269330460833,"Activates on Italian municipality and town names such as 'Buccinasco', 'San Donato Milanese', 'Bagnacavallo', and 'Giavera del Montello'.",layer_24/width_16k/batch_topk_32,24
126_art_type_book,14090,0.597830841403858,"Activates on creative work titles with narrative or emotional phrasing characteristic of book titles, such as 'If I Fall You're Going Down with Me', 'Nothing To Lose', and 'You Never Give Me Your Money'.",layer_24/width_16k/batch_topk_32,24
127_art_type_song,14090,0.6643929407273017,"Activates on creative work titles with romantic or emotional phrasing typical of song names, such as 'Don't Say You Love Me', 'Hold Me in Your Arms', and 'Hold You Down'.",layer_24/width_16k/batch_topk_32,24
128_art_type_movie,14090,0.578284213738255,"Activates on short, evocative creative work titles that could be movie names, such as 'You're Gonna Be OK', 'The Song Is Over', and 'Go Hard or Go Home'.",layer_24/width_16k/batch_topk_32,24
129_arith_mc_A,15070,0.5835060920167302,"Activates on arithmetic calculation prompts in the format 'Calculate X op Y =', involving basic operations like subtraction and multiplication with multi-digit numbers.",layer_24/width_16k/batch_topk_32,24
130_temp_cat_Frequency,14482,0.9644897959183674,"Activates on questions asking about frequency or how often events occur, using the pattern 'How often do...' as in 'How often do people need to take breaths?'.",layer_24/width_16k/batch_topk_32,24
131_temp_cat_Typical Time,9580,0.8387755102040817,"Activates on questions asking about typical or usual timing of events, such as 'When does the store usually open?', using words like 'usually' or 'typically'.",layer_24/width_16k/batch_topk_32,24
132_temp_cat_Event Ordering,3969,0.9918367346938776,"Activates on questions about temporal event ordering and sequencing, using phrases like 'What happens after...' to ask about subsequent events.",layer_24/width_16k/batch_topk_32,24
133_context_type_Causality,10369,0.7993836915297092,"Activates on causal reasoning questions beginning with 'Why was...' or 'Why did...', asking about the reasons behind emotional states or actions, such as 'Why was the handyman angry?' and 'Why was the mom mortified?'.",layer_24/width_16k/batch_topk_32,24
134_context_type_Belief_states,11267,0.6978903286978507,"Activates on statements about belief attribution using the pattern 'X probably believes...', attributing mental states or opinions to named individuals or groups.",layer_24/width_16k/batch_topk_32,24
135_context_type_Event_duration,4247,0.8990992414664981,"Activates on questions asking about event duration using phrases like 'How long did...' or 'probably lasted', estimating how long specific events or activities took.",layer_24/width_16k/batch_topk_32,24
136_glue_mnli_entailment,6704,0.6100095298077052,"Activates on sentence pairs where the hypothesis is a faithful paraphrase or direct entailment of the premise, preserving core meaning with slightly different wording.",layer_24/width_16k/batch_topk_32,24
137_glue_mnli_neutral,6704,0.5836841875838932,"Activates on premise-hypothesis sentence pairs where the hypothesis is a plausible but not necessarily true inference from the premise, representing a neutral textual relationship.",layer_24/width_16k/batch_topk_32,24
138_glue_mnli_contradiction,14711,0.6344262800230278,"Activates on sentence pairs where the hypothesis directly contradicts or negates a key claim in the premise, such as asserting something is not present when the premise says it is.",layer_24/width_16k/batch_topk_32,24
139_news_class_Politics,8735,0.7945637665331877,"Activates on international political and military conflict news, covering topics like armed clashes, diplomatic tensions, security incidents, and political instability in regions such as Gaza, Somalia, and Ivory Coast.",layer_24/width_16k/batch_topk_32,24
140_news_class_Technology,7134,0.7416253911521477,"Activates on corporate earnings and financial performance news reports, covering quarterly profit announcements from companies like Brown-Forman, Falconbridge, Six Flags, and ConocoPhillips.",layer_24/width_16k/batch_topk_32,24
141_news_class_Entertainment,15940,0.7835967979761209,"Activates on technology industry and product news, covering topics like Intel's WiMax testing, SGI workstations, IBM server benchmarks, and Cisco acquisitions — despite the dataset label suggesting entertainment.",layer_24/width_16k/batch_topk_32,24
142_cancer_cat_Thyroid_Cancer,2746,0.6648476812185503,"Activates on biomedical research abstracts discussing cancer diagnosis, synchronous tumors, and surgical treatment approaches, with dense medical terminology about comorbid cancer conditions.",layer_24/width_16k/batch_topk_32,24
143_cancer_cat_Lung_Cancer,11146,0.7121753025975792,"Activates on molecular biology and biochemistry research text discussing cellular processes such as proteasome function, immune checkpoint inhibitors, and metabolic pathways relevant to cancer subtypes.",layer_24/width_16k/batch_topk_32,24
144_cancer_cat_Colon_Cancer,15853,0.7015333877328981,"Activates on biomedical text about cancer drug resistance mechanisms, chemotherapy, and molecular markers such as tumor suppressors and homolog proteins in cancer progression.",layer_24/width_16k/batch_topk_32,24
145_disease_class_digestive system diseases,1104,0.5738775510204082,"Activates on medical research abstracts covering diverse diseases and clinical studies, including melanoma immunotherapy, Norwalk virus characterization, and Parkinson's disease risk factors.",layer_24/width_16k/batch_topk_32,24
146_disease_class_cardiovascular diseases,1983,0.5877551020408163,"Activates on cardiovascular and hypertension research text, discussing topics like sodium-proton exchange kinetics, cardiac adrenergic function after myocardial infarction, and antihypertensive drug response.",layer_24/width_16k/batch_topk_32,24
147_disease_class_nervous system diseases,10472,0.6046938775510203,"Activates on neurological and cerebrovascular research text about brain ischemia treatments, intraventricular hemorrhage, and pharmacological interventions such as clentiazem and beta-blockade therapy.",layer_24/width_16k/batch_topk_32,24
148_twt_emotion_worry,14770,0.5685954926035014,"Activates on informal, chatty social media posts with a slightly anxious or self-deprecating tone, featuring expressions of distraction, exhaustion, and mild concern, often with 'lol', 'xx', and ellipses.",layer_24/width_16k/batch_topk_32,24
149_twt_emotion_happiness,14770,0.6064816346942303,"Activates on enthusiastic, joyful social media posts expressing positive emotions with exclamation marks, warm sign-offs, and cheerful language like 'what a lovely day' and 'tonight was so much fun!'.",layer_24/width_16k/batch_topk_32,24
150_twt_emotion_sadness,5749,0.5658753534618114,"Activates on social media posts expressing physical discomfort and illness, with complaints about being sick, sore throats, and feeling unwell after activities like drinking.",layer_24/width_16k/batch_topk_32,24
151_it_tick_HR Support,3153,0.5839367518841436,"Activates on IT support ticket text about access requests, account issues, and HR-related system problems such as 'allow access to ongoing internship', 'password reset', and inability to access feedback sections.",layer_24/width_16k/batch_topk_32,24
152_it_tick_Hardware,10225,0.6145756366681444,"Activates on IT hardware purchase order ticket text with formulaic language about procurement, including phrases like 'new purchase po', 'please log allocation', and device/equipment names.",layer_24/width_16k/batch_topk_32,24
153_it_tick_Administrative rights,10225,0.6470001477759715,"Activates on IT purchase order and equipment procurement requests with standardized templates mentioning mandatory receipts, device allocation, and retrieval of old equipment.",layer_24/width_16k/batch_topk_32,24
154_athlete_sport_football,4636,0.7300253759802726,"Activates on American football player names, particularly wide receivers and skill position players such as 'Henry Ellard', 'Brett Perriman', and 'Michael Crabtree'.",layer_24/width_16k/batch_topk_32,24
155_athlete_sport_basketball,443,0.6535210964717352,"Activates on NBA basketball player names, particularly contemporary players like 'Kelly Oubre Jr.', 'Wendell Carter Jr.', 'Bojan Bogdanović', and 'Julius Randle'.",layer_24/width_16k/batch_topk_32,24
156_athlete_sport_baseball,12656,0.6844919786096256,"Activates on MLB baseball player names such as 'Jeimer Candelario', 'Ronald Acuña Jr.', and 'Salvador Perez'.",layer_24/width_16k/batch_topk_32,24
157_amazon_5star,8475,0.7329943279361767,"Activates on Amazon product review titles expressing strong dissatisfaction, with short, emphatic complaints like 'So sorry I made this purchase!', 'TOO SMALL!', and 'Missing Pieces'.",layer_24/width_16k/batch_topk_32,24
158_code_C,8504,0.992826268520728,"Activates on C programming language source code patterns including preprocessor header guards, copyright/license headers (e.g. GNU GPL), and institutional attribution text from entities like Lawrence Livermore.",layer_24/width_16k/batch_topk_32,24
159_code_Python,230,0.9788408139358309,"Activates on Python source code copyright and license boilerplate text, including Apache License references, European Community funding acknowledgments, and software documentation headers.",layer_24/width_16k/batch_topk_32,24
160_code_HTML,13850,0.7818863393134766,"Activates on HTML source code markup including DOCTYPE declarations, transitional DTD references, XML namespace attributes, and structured HTML head elements with meta tags.",layer_24/width_16k/batch_topk_32,24
161_agnews_0,2084,0.9324897317974415,"Activates on international political and diplomatic news stories about NATO military operations, corporate legal proceedings (Yukos), Middle Eastern diplomacy, and EU expansion negotiations.",layer_24/width_16k/batch_topk_32,24
162_agnews_1,10986,0.9101211394812388,"Activates on professional sports news stories covering topics like NHL lockouts, cricket bowling regulations, boxing medical suspensions, and football player injuries.",layer_24/width_16k/batch_topk_32,24
163_agnews_2,2084,0.9180055553145179,"Activates on business and corporate news about technology companies and major deals, including Canon/Toshiba product launches, Fiat/GM mediation, aviation policy changes, and Oracle vs SAP competition.",layer_24/width_16k/batch_topk_32,24
21_headline_istrump,6271,0.8510851217015226,"Activates on news headlines prominently featuring Donald Trump, covering political events like impeachment, appointments, and campaign moments with his name as the central subject.",layer_24/width_16k/batch_topk_32,24
22_headline_isobama,12905,0.868344384167169,"Activates on news headlines prominently featuring Barack Obama, covering policy negotiations, foreign affairs, and legislative strategy with Obama as the primary actor.",layer_24/width_16k/batch_topk_32,24
23_headline_ischina,1588,0.7320777992990223,"Activates on news headlines about China, covering topics such as detention camps, military power, internet censorship crackdowns, and geopolitical positioning.",layer_24/width_16k/batch_topk_32,24
24_headline_isiran,16293,0.7993443021067331,"Activates on news headlines about Iran and Iranian politics, including presidential elections, Tehran political figures, and Iranian diplomatic and domestic affairs.",layer_24/width_16k/batch_topk_32,24
26_headline_isfrontpage,6271,0.6329565212108078,"Activates on prominent front-page political news headlines featuring high-profile US political figures and major political events such as impeachment proceedings, coronavirus response, and foreign policy debates.",layer_24/width_16k/batch_topk_32,24
36_sciq_tf,6963,0.6988456911575138,"Activates on science quiz questions about natural phenomena and biology, following a Q&A format asking about topics like water cycles, energy sources, fermentation, and heterotrophic organisms.",layer_24/width_16k/batch_topk_32,24
41_truthqa_tf,3355,0.6081632653061224,"Activates on general knowledge trivia questions in a simple Q&A format, such as 'What is the biggest university in the country?', 'Can you teach an old dog new tricks?', and 'Are toads frogs?'.",layer_24/width_16k/batch_topk_32,24
42_temp_sense,4247,0.6345979410127991,"Activates on prose containing temporal references and time-related expressions such as 'While these laws were met with...', 'When I was in college...', indicating past events or temporal reasoning contexts.",layer_24/width_16k/batch_topk_32,24
44_phys_tf,14667,0.5572792568192244,"Activates on practical how-to questions about everyday physical tasks, such as 'To open a beer bottle with a watch', 'To cut carrots into thin strips', and 'How do I clean my bathroom mirror?'.",layer_24/width_16k/batch_topk_32,24
47_reasoning_tf,11579,0.5381099045927284,"Activates on logical reasoning and inference questions requiring causal or comparative thinking, such as 'If there is more food in a place then more people will...' and 'Which object likely contains less energy?'.",layer_24/width_16k/batch_topk_32,24
48_cm_correct,9297,0.6062623855867971,"Activates on descriptions of everyday normal, morally appropriate actions like 'I saw the commercial for the laptop and decided to buy one', 'I left the diner after cleaning up after myself', and 'I read the blog and shared it'.",layer_24/width_16k/batch_topk_32,24
49_cm_isshort,11532,0.966594230708863,"Activates on short sentences describing morally questionable or transgressive actions, such as 'I stole the car', 'I took the bribe', and 'I gave my son a bunch of perler beads to eat'.",layer_24/width_16k/batch_topk_32,24
50_deon_isvalid,8944,0.6080480112684156,"Activates on polite requests and reminders about social obligations or responsibilities, such as 'Can you give me a ride to school today?' and 'Aren't you supposed to be studying for your math final?'.",layer_24/width_16k/batch_topk_32,24
51_just_is,6452,0.6054149507006812,"Activates on sentences presenting unjust, unreasonable, or absurd claims of deservingness, such as 'I deserve a cheesecake for my birthday because I bossed my parents around' and other morally dubious justifications.",layer_24/width_16k/batch_topk_32,24
52_virtue_is,1506,0.6688834056360177,"Activates on sentences pairing behavioral descriptions with explicit virtue labels using a [SEP] delimiter, such as 'He always watched out for bugs in his code. [SEP] attentive' and 'James was known for showing up on time [SEP] dependable'.",layer_24/width_16k/batch_topk_32,24
54_cs_tf,16228,0.5515268257759947,"Activates on common-sense statements about everyday knowledge and observations, such as 'Standing in line can be boring', 'Cost has to be a big factor in why anyone buys a house', and simple factual claims.",layer_24/width_16k/batch_topk_32,24
56_wikidatasex_or_gender,10499,0.7289334902216518,"Activates on dense analytical and academic prose with complex sentence structures discussing socioeconomic topics, data analysis, and cultural commentary in a scholarly or journalistic register.",layer_24/width_16k/batch_topk_32,24
57_wikidatais_alive,7114,0.7681040951294077,"Activates on text referencing entertainment, film, and pop culture figures, mentioning actors like Timothy Spall, describing movie plots, and discussing media events such as the White House Correspondents' Dinner.",layer_24/width_16k/batch_topk_32,24
58_wikidatapolitical_party,3991,0.5312216711992748,"Activates on text about educational institutions, legal/copyright history, and regional cultural organizations, mentioning entities like the Five Colleges consortium, copyright law evolution, and humanities programs.",layer_24/width_16k/batch_topk_32,24
59_wikidata_occupation_isjournalist,10499,0.740679806106305,"Activates on long-form analytical and scholarly prose with complex argumentation, discussing topics such as banking regulation, neuroscience research, and art criticism in an expository, intellectual style.",layer_24/width_16k/batch_topk_32,24
5_hist_fig_ismale,7540,0.7570703536771712,"Activates on names of historical female noble and royal figures, particularly medieval European women with patronymic naming patterns like 'Gertrude of Bavaria', 'Sibylle of Bavaria', and 'Beatrice of Burgundy'.",layer_24/width_16k/batch_topk_32,24
60_wikidata_occupation_isathlete,7748,0.6988104655468408,"Activates on text describing athletic performances and sports activities, mentioning assists, penalties, match performances, and meticulous equipment care by professional athletes.",layer_24/width_16k/batch_topk_32,24
61_wikidata_occupation_isactor,6111,0.8002617228262698,"Activates on text about films, television shows, and entertainment productions, discussing movie reviews, TV series history, and actor performances, referencing shows like 'The Simpsons' and biographical film narratives.",layer_24/width_16k/batch_topk_32,24
62_wikidata_occupation_ispolitician,7114,0.6858652842764331,"Activates on entertainment and film narrative text referencing actors and movie plots, mentioning figures like Robert De Niro, John Boyega, and describing character-driven film storylines.",layer_24/width_16k/batch_topk_32,24
63_wikidata_occupation_issinger,3886,0.801789140606591,"Activates on informal first-person narratives with dialogue and colloquial language, featuring personal anecdotes, quoted speech, and casual storytelling with elements of humor and local color.",layer_24/width_16k/batch_topk_32,24
64_wikidata_occupation_isresearcher,7114,0.719492944600011,"Activates on text discussing TV and film characters and plot elements, including references to shows like Buffy, sequel films, and character-driven narrative descriptions with fan-commentary style.",layer_24/width_16k/batch_topk_32,24
65_high-school,9262,0.9462011776881866,"Activates on biographical text mentioning high school graduation, following patterns like 'graduated from [Name] High School' and 'following her graduation from [Name] High School' in obituary-style prose.",layer_24/width_16k/batch_topk_32,24
66_living-room,14438,0.9481149820757111,"Activates on real estate listing descriptions mentioning living rooms, with phrases like 'large living room', 'huge living room', and property descriptions emphasizing spacious living areas.",layer_24/width_16k/batch_topk_32,24
67_social-security,13247,0.9940675902375671,"Activates on text mentioning social security systems and benefits, discussing topics like disability poverty, pension contributions, and welfare state mechanisms across different countries.",layer_24/width_16k/batch_topk_32,24
68_credit-card,3643,0.9840765192921695,"Activates on text mentioning credit cards in financial, legal, or consumer contexts, including credit card fraud, refund disputes, and debt management scenarios.",layer_24/width_16k/batch_topk_32,24
69_blood-pressure,8240,0.9789824767303426,"Activates on medical and clinical research text discussing blood pressure measurements, hypertension risk factors, and clinical study results comparing blood pressure across patient groups.",layer_24/width_16k/batch_topk_32,24
6_hist_fig_isamerican,15510,0.7880757114402571,"Activates on names of American historical figures, particularly athletes and notable individuals such as 'Jack Hawkins', 'John J. Morgan', and 'Al Oerter'.",layer_24/width_16k/batch_topk_32,24
70_prime-factors,12462,0.999525643974241,Activates on mathematical prime factorization questions and answers in the format 'What are the prime factors of [number]?' followed by comma-separated lists of prime factors.,layer_24/width_16k/batch_topk_32,24
71_social-media,8476,0.9893248755343904,"Activates on text discussing social media platforms and their societal impact, mentioning hashtags, platform handles like @CDCgov, and the role of social media in public discourse and health communication.",layer_24/width_16k/batch_topk_32,24
72_gene-expression,13716,0.85902240380973,"Activates on molecular biology research text about gene expression studies, discussing topics like dose-related DNA strand breaks, steroidogenesis pathways, and growth factor expression comparisons.",layer_24/width_16k/batch_topk_32,24
73_control-group,2152,0.9647260065479734,"Activates on scientific experimental text comparing results to control groups, using statistical comparison phrases like 'compared to the control group' with p-values and quantitative measurements.",layer_24/width_16k/batch_topk_32,24
74_magnetic-field,2041,0.9125798203365982,"Activates on physics research text about magnetic fields and electromagnetic phenomena, discussing MHD cascades, laser beam polarization, and mathematical formulations of field equations.",layer_24/width_16k/batch_topk_32,24
75_cell-lines,12030,0.9775568719898263,"Activates on biomedical research text mentioning cancer cell lines as experimental models, discussing studies on prostate, colon, glioblastoma, and breast cancer cell lines.",layer_24/width_16k/batch_topk_32,24
76_trial-court,2747,0.930590129336003,"Activates on legal text referencing trial court proceedings, judicial rulings, and appellate review, with language like 'the trial court charged', 'the trial court instructed', and case citations.",layer_24/width_16k/batch_topk_32,24
77_second-derivative,16267,0.9353463729097895,"Activates on calculus problems asking for second derivatives of polynomial expressions, using formats like 'Find the second derivative of [expression] wrt [variable]' with algebraic answers.",layer_24/width_16k/batch_topk_32,24
78_north-america,7644,0.8773781217868932,"Activates on text mentioning North America in geographic, demographic, or cultural contexts, discussing topics like endangered languages, survey respondent locations, and continental advocacy work.",layer_24/width_16k/batch_topk_32,24
79_human-rights,453,0.9252901942745819,"Activates on text discussing human rights issues, organizations, and mechanisms such as the Universal Periodic Review, government investigations, and international human rights monitoring reports.",layer_24/width_16k/batch_topk_32,24
7_hist_fig_ispolitician,16244,0.5814824781603563,"Activates on names of historical European scholars, artists, and intellectuals, particularly Dutch and German figures from the early modern period such as 'Johann David Michaelis' and 'Adriaen Coorte'.",layer_24/width_16k/batch_topk_32,24
80_side-effects,1888,0.9839632150008119,"Activates on medical text discussing drug or treatment side effects, including concerns about joint destruction from medications, GLP-1 analogue adverse effects, and chemotherapy treatment complications.",layer_24/width_16k/batch_topk_32,24
81_public-health,3409,0.973655061150495,"Activates on text about public health concerns and policy, discussing pathogenicity factors, gain-of-function research implications, and disease surveillance for emerging infectious threats.",layer_24/width_16k/batch_topk_32,24
82_federal-government,7670,0.7422720554413118,"Activates on text discussing government policy, regulation, and public opinion about government roles, including survey results about government necessity, debtor protection laws, and policy analysis.",layer_24/width_16k/batch_topk_32,24
83_third-party,2887,0.9421141904323826,"Activates on legal text mentioning third-party claims, liability, and contractual relationships, including references to third-party beneficiaries, settlement agreements, and insurance payers.",layer_24/width_16k/batch_topk_32,24
84_clinical-trials,13295,0.8694802207911684,"Activates on medical research methodology text about clinical trials, referencing Medline searches, randomized controlled trials, clinical trial registries, and systematic review protocols.",layer_24/width_16k/batch_topk_32,24
85_mental-health,8643,0.9678909167162726,"Activates on text discussing mental health topics including forensic facility referrals, counter-dependence, psychological underachievement, and parental attitudes toward children's mental health treatment.",layer_24/width_16k/batch_topk_32,24
87_glue_cola,238,0.598453073752024,"Activates on sentences with unusual or potentially ungrammatical structures, such as 'The motorist happened the accident', 'Which books did Robin read and talk to Chris?', testing grammatical acceptability.",layer_24/width_16k/batch_topk_32,24
89_glue_mrpc,6704,0.6437133161944871,"Activates on sentence pairs that are close paraphrases of news events, where both sentences describe the same event with different wording, such as standoffs, proposals, and diplomatic encounters.",layer_24/width_16k/batch_topk_32,24
90_glue_qnli,6188,0.5989876096032664,"Activates on question-context passage pairs where a factual question is paired with a relevant but not necessarily directly answering passage, testing reading comprehension and inference.",layer_24/width_16k/batch_topk_32,24
91_glue_qqp,4160,0.7273505147644801,"Activates on pairs of questions testing semantic similarity, where two questions may or may not be asking the same thing, such as different phrasings about DNA replication or commuting preferences.",layer_24/width_16k/batch_topk_32,24
92_glue_sst2,5490,0.574623002230798,"Activates on movie review text with negative or campy descriptions, referencing 'cheesy dialogue', 'ridiculous action sequences', 'straight-to-video' quality, and trashy but entertaining film elements.",layer_24/width_16k/batch_topk_32,24
94_ai_gen,14067,0.7981625282647065,"Activates on AI-generated student-style persuasive and expository essays about topics like the Face on Mars, plastic bans, Venus exploration, and the Electoral College, written in a formulaic, structured manner.",layer_24/width_16k/batch_topk_32,24
95_toxic_is,14864,0.6697959183673471,"Activates on creative writing prompts and requests, including instructions to write emails, stories, and paragraphs about varied subjects, some containing mildly provocative or boundary-pushing content.",layer_24/width_16k/batch_topk_32,24
96_spam_is,15543,0.9867066739407164,"Activates on casual SMS-style text messages with informal abbreviations, colloquial language, and shorthand like 'Nvm', 'leh', 'lar', 'ü', characteristic of personal mobile messaging conversations.",layer_24/width_16k/batch_topk_32,24
