dataset,layer,frac,method,baseline_test_auc,sae_best_test_auc,diff,sae_best_k,sae_best_sae_id,sae_better
5_hist_fig_ismale,24,0.05,logreg,0.9829912973082372,0.9616110099170208,0.021380287,128,layer_24/width_16k/standard_new,FALSE
6_hist_fig_isamerican,24,0.05,logreg,0.974434325,0.9629710584901842,0.011463267,128,layer_24/width_16k/jumprelu_32,FALSE
7_hist_fig_ispolitician,24,0.05,logreg,0.6113215948188625,0.6605504958510423,0.049228901,128,layer_24/width_16k/standard_new,TRUE
21_headline_istrump,24,0.05,logreg,0.9533292855697226,0.9407812183768467,0.012548067,128,layer_24/width_16k/standard_new,FALSE
22_headline_isobama,24,0.05,logreg,0.8947368421052632,0.9389473684210526,0.044210526,128,layer_24/width_16k/topk_32,TRUE
23_headline_ischina,24,0.05,logreg,0.9936842105263158,1,0.006315789,128,layer_24/width_16k/standard_new,TRUE
24_headline_isiran,24,0.05,logreg,0.92,0.9515789473684211,0.031578947,128,layer_24/width_16k/standard_new,TRUE
26_headline_isfrontpage,24,0.05,logreg,0.7084072050192268,0.7426027120016191,0.034195507,16,layer_24/width_16k/standard_new,TRUE
36_sciq_tf,24,0.05,logreg,0.8999757134183363,0.8756365108277677,0.024339203,128,layer_24/width_16k/standard,FALSE
41_truthqa_tf,24,0.05,logreg,0.648421053,0.6757894736842105,0.027368421,128,layer_24/width_16k/jumprelu_32,TRUE
42_temp_sense,24,0.05,logreg,0.8143248175182481,0.8549270072992702,0.04060219,16,layer_24/width_16k/standard,TRUE
44_phys_tf,24,0.05,logreg,0.7235701275045537,0.7025703298927343,0.020999798,128,layer_24/width_16k/p_anneal,FALSE
47_reasoning_tf,24,0.05,logreg,0.5880697050938338,0.583378016,0.004691689,16,layer_24/width_16k/gated,FALSE
48_cm_correct,24,0.05,logreg,0.7741024084193482,0.7168022667476219,0.057300142,128,layer_24/width_16k/standard_new,FALSE
49_cm_isshort,24,0.05,logreg,1,0.9999919044727787,8.09553E-06,128,layer_24/width_16k/jumprelu_32,FALSE
50_deon_isvalid,24,0.05,logreg,0.7954907913377859,0.7157903258449705,0.079700465,128,layer_24/width_16k/standard_new,FALSE
51_just_is,24,0.05,logreg,0.8007043108682453,0.7524468731026108,0.048257438,128,layer_24/width_16k/p_anneal,FALSE
52_virtue_is,24,0.05,logreg,0.8788030972643268,0.7952536615654334,0.083549436,128,layer_24/width_16k/standard_new,FALSE
54_cs_tf,24,0.05,logreg,0.6298967820279295,0.6232989273426432,0.006597855,128,layer_24/width_16k/jumprelu_32,FALSE
56_wikidatasex_or_gender,24,0.05,logreg,0.9964055859137826,0.9582513661202186,0.03815422,128,layer_24/width_16k/p_anneal,FALSE
57_wikidatais_alive,24,0.05,logreg,0.970006072,0.9499048775551509,0.020101194,128,layer_24/width_16k/standard_new,FALSE
58_wikidatapolitical_party,24,0.05,logreg,0.9108843537414966,0.8270068027210885,0.083877551,128,layer_24/width_16k/standard_new,FALSE
59_wikidata_occupation_isjournalist,24,0.05,logreg,0.9747368421052632,0.9726315789473684,0.002105263,128,layer_24/width_16k/batch_topk_32,FALSE
60_wikidata_occupation_isathlete,24,0.05,logreg,0.9326315789473684,0.9705263157894738,0.037894737,128,layer_24/width_16k/jumprelu_32,TRUE
61_wikidata_occupation_isactor,24,0.05,logreg,0.8252631578947368,0.8968421052631579,0.071578947,128,layer_24/width_16k/batch_topk_32,TRUE
62_wikidata_occupation_ispolitician,24,0.05,logreg,0.9894736842105264,0.9705263157894737,0.018947368,128,layer_24/width_16k/jumprelu_32,FALSE
63_wikidata_occupation_issinger,24,0.05,logreg,0.9326315789473684,0.9915789473684211,0.058947368,128,layer_24/width_16k/standard_new,TRUE
64_wikidata_occupation_isresearcher,24,0.05,logreg,0.9642105263157896,0.9431578947368421,0.021052632,128,layer_24/width_16k/matryoshka_batch_topk_32,FALSE
5_hist_fig_ismale,24,0.1,logreg,0.9928689634421544,0.9655311741064713,0.027337789,128,layer_24/width_16k/standard_new,FALSE
6_hist_fig_isamerican,24,0.1,logreg,0.9692578821810054,0.9691418255281653,0.000116057,128,layer_24/width_16k/topk_32,FALSE
7_hist_fig_ispolitician,24,0.1,logreg,0.6187538954200607,0.6493756581916654,0.030621763,128,layer_24/width_16k/standard_new,TRUE
21_headline_istrump,24,0.1,logreg,0.9738958499000624,0.9417567538524361,0.032139096,128,layer_24/width_16k/standard_new,FALSE
22_headline_isobama,24,0.1,logreg,0.8888888888888888,0.9311111111111112,0.042222222,16,layer_24/width_16k/standard_new,TRUE
23_headline_ischina,24,0.1,logreg,0.9544444444444444,0.9333333333333335,0.021111111,128,layer_24/width_16k/standard_new,FALSE
24_headline_isiran,24,0.1,logreg,0.9866666666666668,0.96,0.026666667,128,layer_24/width_16k/jumprelu_32,FALSE
26_headline_isfrontpage,24,0.1,logreg,0.7135270476477036,0.7040168497066346,0.009510198,128,layer_24/width_16k/gated,FALSE
36_sciq_tf,24,0.1,logreg,0.9236948999548668,0.8968772163596896,0.026817684,128,layer_24/width_16k/standard_new,FALSE
41_truthqa_tf,24,0.1,logreg,0.8155555555555556,0.8922222222222222,0.076666667,128,layer_24/width_16k/jumprelu_32,TRUE
42_temp_sense,24,0.1,logreg,0.8564102564102564,0.8815384615384616,0.025128205,128,layer_24/width_16k/gated,TRUE
44_phys_tf,24,0.1,logreg,0.7354359646671969,0.7649766812095682,0.029540717,128,layer_24/width_16k/standard_new,TRUE
47_reasoning_tf,24,0.1,logreg,0.5838881019830029,0.5796033994334278,0.004284703,128,layer_24/width_16k/jumprelu_32,FALSE
48_cm_correct,24,0.1,logreg,0.7757484579509554,0.7620623697049153,0.013686088,128,layer_24/width_16k/standard_new,FALSE
49_cm_isshort,24,0.1,logreg,0.9999828064218016,0.9999355240817555,4.72823E-05,128,layer_24/width_16k/gated,FALSE
50_deon_isvalid,24,0.1,logreg,0.8029572954501494,0.7984353843839326,0.004521911,128,layer_24/width_16k/standard_new,FALSE
51_just_is,24,0.1,logreg,0.8394614111629306,0.8077414085838939,0.031720003,128,layer_24/width_16k/p_anneal,FALSE
52_virtue_is,24,0.1,logreg,0.9223877,0.8159870830923462,0.106400617,128,layer_24/width_16k/gated,FALSE
54_cs_tf,24,0.1,logreg,0.6415439833222292,0.5933718756044617,0.048172108,128,layer_24/width_16k/standard_new,FALSE
56_wikidatasex_or_gender,24,0.1,logreg,0.9961443400889768,0.9581895162156935,0.037954824,128,layer_24/width_16k/p_anneal,FALSE
57_wikidatais_alive,24,0.1,logreg,0.9768295041801888,0.9524769498592275,0.024352554,128,layer_24/width_16k/standard_new,FALSE
58_wikidatapolitical_party,24,0.1,logreg,0.8762216154067259,0.8418726645587812,0.034348951,128,layer_24/width_16k/standard_new,FALSE
59_wikidata_occupation_isjournalist,24,0.1,logreg,0.8611111111111112,0.8388888888888888,0.022222222,128,layer_24/width_16k/matryoshka_batch_topk_32,FALSE
60_wikidata_occupation_isathlete,24,0.1,logreg,0.9522222222222222,0.9866666666666666,0.034444444,128,layer_24/width_16k/matryoshka_batch_topk_32,TRUE
61_wikidata_occupation_isactor,24,0.1,logreg,0.97,0.9644444444444444,0.005555556,128,layer_24/width_16k/jumprelu_32,FALSE
62_wikidata_occupation_ispolitician,24,0.1,logreg,0.9244444444444444,0.88,0.044444444,128,layer_24/width_16k/batch_topk_32,FALSE
63_wikidata_occupation_issinger,24,0.1,logreg,0.898888889,0.9488888888888889,0.05,128,layer_24/width_16k/batch_topk_32,TRUE
64_wikidata_occupation_isresearcher,24,0.1,logreg,0.9466666666666668,0.98,0.033333333,128,layer_24/width_16k/gated,TRUE
5_hist_fig_ismale,24,0.15,logreg,0.9917620415545728,0.9691547733041509,0.022607268,128,layer_24/width_16k/standard_new,FALSE
6_hist_fig_isamerican,24,0.15,logreg,0.9792865502409072,0.9723162038514735,0.006970346,128,layer_24/width_16k/standard_new,FALSE
7_hist_fig_ispolitician,24,0.15,logreg,0.6497818916906053,0.7066542033347013,0.056872312,128,layer_24/width_16k/topk_32,TRUE
21_headline_istrump,24,0.15,logreg,0.9598893499308436,0.9367805085647409,0.023108841,128,layer_24/width_16k/standard,FALSE
22_headline_isobama,24,0.15,logreg,0.9654901960784312,0.9176470588235295,0.047843137,128,layer_24/width_16k/standard_new,FALSE
23_headline_ischina,24,0.15,logreg,0.9788235294117646,0.9419607843137255,0.036862745,128,layer_24/width_16k/jumprelu_32,FALSE
24_headline_isiran,24,0.15,logreg,0.9733333333333334,0.9749019607843137,0.001568627,128,layer_24/width_16k/standard_new,TRUE
26_headline_isfrontpage,24,0.15,logreg,0.7306400376939796,0.733634277,0.00299424,128,layer_24/width_16k/jumprelu_32,TRUE
36_sciq_tf,24,0.15,logreg,0.9221208943200644,0.8962989983736871,0.025821896,128,layer_24/width_16k/standard_new,FALSE
41_truthqa_tf,24,0.15,logreg,0.6635294117647058,0.7270588235294118,0.063529412,128,layer_24/width_16k/batch_topk_32,TRUE
42_temp_sense,24,0.15,logreg,0.8902439024390244,0.8532889874353289,0.036954915,128,layer_24/width_16k/p_anneal,FALSE
44_phys_tf,24,0.15,logreg,0.7974313376803004,0.7810739744349704,0.016357363,128,layer_24/width_16k/standard_new,FALSE
47_reasoning_tf,24,0.15,logreg,0.6426976555363848,0.6106262052166853,0.03207145,128,layer_24/width_16k/standard,FALSE
48_cm_correct,24,0.15,logreg,0.8028088094478136,0.7716808779049443,0.031127932,128,layer_24/width_16k/standard_new,FALSE
49_cm_isshort,24,0.15,logreg,1,0.9999756813034821,2.43187E-05,128,layer_24/width_16k/batch_topk_32,FALSE
50_deon_isvalid,24,0.15,logreg,0.8564680133144864,0.827826668,0.028641345,128,layer_24/width_16k/standard_new,FALSE
51_just_is,24,0.15,logreg,0.8300867873481982,0.7904579514538022,0.039628836,128,layer_24/width_16k/standard_new,FALSE
52_virtue_is,24,0.15,logreg,0.9410940073224178,0.8610101670001225,0.08008384,128,layer_24/width_16k/gated,FALSE
54_cs_tf,24,0.15,logreg,0.6410621190704179,0.6129314668733756,0.028130652,128,layer_24/width_16k/jumprelu_32,FALSE
56_wikidatasex_or_gender,24,0.15,logreg,0.9983706473333028,0.978274284,0.020096363,128,layer_24/width_16k/p_anneal,FALSE
57_wikidatais_alive,24,0.15,logreg,0.9813764382229112,0.9609198546957883,0.020456584,128,layer_24/width_16k/standard_new,FALSE
58_wikidatapolitical_party,24,0.15,logreg,0.9203793899000255,0.869802615,0.050576775,128,layer_24/width_16k/p_anneal,FALSE
59_wikidata_occupation_isjournalist,24,0.15,logreg,0.9482352941176472,0.9639215686274509,0.015686275,128,layer_24/width_16k/topk_32,TRUE
60_wikidata_occupation_isathlete,24,0.15,logreg,0.9576470588235294,0.9317647058823529,0.025882353,128,layer_24/width_16k/jumprelu_32,FALSE
61_wikidata_occupation_isactor,24,0.15,logreg,0.9788235294117648,0.9701960784313726,0.008627451,128,layer_24/width_16k/batch_topk_32,FALSE
62_wikidata_occupation_ispolitician,24,0.15,logreg,0.935686275,0.9192156862745098,0.016470588,128,layer_24/width_16k/standard_new,FALSE
63_wikidata_occupation_issinger,24,0.15,logreg,0.916078431,0.8964705882352941,0.019607843,128,layer_24/width_16k/jumprelu_32,FALSE
64_wikidata_occupation_isresearcher,24,0.15,logreg,0.9882352941176472,0.9780392156862745,0.010196078,128,layer_24/width_16k/matryoshka_batch_topk_32,FALSE
5_hist_fig_ismale,24,0.2,logreg,0.9900229291228884,0.9761904761904763,0.013832453,128,layer_24/width_16k/standard_new,FALSE
6_hist_fig_isamerican,24,0.2,logreg,0.9768398928039318,0.9652507691414639,0.011589124,128,layer_24/width_16k/standard_new,FALSE
7_hist_fig_ispolitician,24,0.2,logreg,0.6454693214140594,0.6535803777016698,0.008111056,128,layer_24/width_16k/standard,TRUE
21_headline_istrump,24,0.2,logreg,0.9694036493101914,0.9382606760705094,0.031142973,128,layer_24/width_16k/p_anneal,FALSE
22_headline_isobama,24,0.2,logreg,0.94625,0.951875,0.005625,128,layer_24/width_16k/p_anneal,TRUE
23_headline_ischina,24,0.2,logreg,0.988125,0.984375,0.00375,128,layer_24/width_16k/standard_new,FALSE
24_headline_isiran,24,0.2,logreg,0.9575,0.94,0.0175,128,layer_24/width_16k/standard_new,FALSE
26_headline_isfrontpage,24,0.2,logreg,0.7353427758750798,0.7626424604787058,0.027299685,128,layer_24/width_16k/standard_new,TRUE
36_sciq_tf,24,0.2,logreg,0.919775885,0.9055673264836208,0.014208558,128,layer_24/width_16k/standard_new,FALSE
41_truthqa_tf,24,0.2,logreg,0.901875,0.9025000000000001,0.000625,128,layer_24/width_16k/topk_32,TRUE
42_temp_sense,24,0.2,logreg,0.9036860879904876,0.8558263971462545,0.047859691,128,layer_24/width_16k/standard,FALSE
44_phys_tf,24,0.2,logreg,0.8221106402739885,0.814257174,0.007853466,128,layer_24/width_16k/standard_new,FALSE
47_reasoning_tf,24,0.2,logreg,0.712650165,0.6849955655889705,0.0276546,128,layer_24/width_16k/standard_new,FALSE
48_cm_correct,24,0.2,logreg,0.8199422902033628,0.7778245389988584,0.042117751,128,layer_24/width_16k/standard,FALSE
49_cm_isshort,24,0.2,logreg,1,0.9998669723883051,0.000133028,128,layer_24/width_16k/matryoshka_batch_topk_32,FALSE
50_deon_isvalid,24,0.2,logreg,0.8546250072560515,0.8123633443625315,0.042261663,128,layer_24/width_16k/standard_new,FALSE
51_just_is,24,0.2,logreg,0.8581550763336624,0.8211044677928059,0.037050609,128,layer_24/width_16k/standard_new,FALSE
52_virtue_is,24,0.2,logreg,0.9548829565670152,0.8976900464268668,0.05719291,128,layer_24/width_16k/jumprelu_32,FALSE
54_cs_tf,24,0.2,logreg,0.6325801551827558,0.6291407867494825,0.003439368,128,layer_24/width_16k/jumprelu_32,FALSE
56_wikidatasex_or_gender,24,0.2,logreg,0.997772392,0.9777335964861361,0.020038796,128,layer_24/width_16k/p_anneal,FALSE
57_wikidatais_alive,24,0.2,logreg,0.9840052437065848,0.9629360886979741,0.021069155,128,layer_24/width_16k/standard_new,FALSE
58_wikidatapolitical_party,24,0.2,logreg,0.9495943907708616,0.8941747177041295,0.055419673,128,layer_24/width_16k/standard_new,FALSE
59_wikidata_occupation_isjournalist,24,0.2,logreg,0.948125,0.88875,0.059375,128,layer_24/width_16k/topk_32,FALSE
60_wikidata_occupation_isathlete,24,0.2,logreg,0.9775,0.960625,0.016875,16,layer_24/width_16k/batch_topk_32,FALSE
61_wikidata_occupation_isactor,24,0.2,logreg,0.93875,0.884375,0.054375,16,layer_24/width_16k/batch_topk_32,FALSE
62_wikidata_occupation_ispolitician,24,0.2,logreg,0.975625,0.9475,0.028125,128,layer_24/width_16k/batch_topk_32,FALSE
63_wikidata_occupation_issinger,24,0.2,logreg,0.95,0.94875,0.00125,128,layer_24/width_16k/batch_topk_32,FALSE
64_wikidata_occupation_isresearcher,24,0.2,logreg,0.930625,0.8875,0.043125,16,layer_24/width_16k/matryoshka_batch_topk_32,FALSE
5_hist_fig_ismale,24,0.25,logreg,0.9871303780102808,0.9778516057585824,0.009278772,128,layer_24/width_16k/standard_new,FALSE
6_hist_fig_isamerican,24,0.25,logreg,0.9780478835060578,0.9630109419679015,0.015036942,128,layer_24/width_16k/batch_topk_32,FALSE
7_hist_fig_ispolitician,24,0.25,logreg,0.6642865407183353,0.6818616634435795,0.017575123,128,layer_24/width_16k/standard_new,TRUE
21_headline_istrump,24,0.25,logreg,0.9735417596403364,0.9517445992628222,0.02179716,128,layer_24/width_16k/standard_new,FALSE
22_headline_isobama,24,0.25,logreg,0.9728,0.9578666666666666,0.014933333,128,layer_24/width_16k/standard_new,FALSE
23_headline_ischina,24,0.25,logreg,0.9893333333333334,0.976,0.013333333,128,layer_24/width_16k/standard_new,FALSE
24_headline_isiran,24,0.25,logreg,0.9925333333333332,0.9765333333333333,0.016,128,layer_24/width_16k/p_anneal,FALSE
26_headline_isfrontpage,24,0.25,logreg,0.700969819,0.7442211698980181,0.043251351,128,layer_24/width_16k/gated,TRUE
36_sciq_tf,24,0.25,logreg,0.9309804796614932,0.8896712451033868,0.041309235,128,layer_24/width_16k/standard_new,FALSE
41_truthqa_tf,24,0.25,logreg,0.9088,0.8074666666666667,0.101333333,128,layer_24/width_16k/standard_new,FALSE
42_temp_sense,24,0.25,logreg,0.9474474474474476,0.8638638638638639,0.083583584,128,layer_24/width_16k/topk_32,FALSE
44_phys_tf,24,0.25,logreg,0.7811069238524984,0.7735553957785822,0.007551528,128,layer_24/width_16k/standard_new,FALSE
47_reasoning_tf,24,0.25,logreg,0.6352298495155637,0.6631278774135917,0.027898028,128,layer_24/width_16k/standard_new,TRUE
48_cm_correct,24,0.25,logreg,0.8111105601560304,0.7632931687079552,0.047817391,128,layer_24/width_16k/p_anneal,FALSE
49_cm_isshort,24,0.25,logreg,0.9999938017553428,0.9999876035106857,6.19824E-06,128,layer_24/width_16k/gated,FALSE
50_deon_isvalid,24,0.25,logreg,0.8714835291978644,0.813753078,0.057730451,128,layer_24/width_16k/jumprelu_32,FALSE
51_just_is,24,0.25,logreg,0.8645456273450025,0.8302982595329003,0.034247368,128,layer_24/width_16k/standard,FALSE
52_virtue_is,24,0.25,logreg,0.936717123,0.8823311577095775,0.054385965,128,layer_24/width_16k/standard_new,FALSE
54_cs_tf,24,0.25,logreg,0.6559850250409084,0.6250103304077619,0.030974695,128,layer_24/width_16k/jumprelu_32,FALSE
56_wikidatasex_or_gender,24,0.25,logreg,0.9978078874729344,0.9782255665195616,0.019582321,128,layer_24/width_16k/standard,FALSE
57_wikidatais_alive,24,0.25,logreg,0.9854361911373366,0.9621411216343532,0.02329507,128,layer_24/width_16k/standard_new,FALSE
58_wikidatapolitical_party,24,0.25,logreg,0.9208285545476662,0.878879505,0.041949049,128,layer_24/width_16k/standard,FALSE
59_wikidata_occupation_isjournalist,24,0.25,logreg,0.8810666666666667,0.8725333333333332,0.008533333,128,layer_24/width_16k/jumprelu_32,FALSE
60_wikidata_occupation_isathlete,24,0.25,logreg,0.9728,0.9440000000000001,0.0288,128,layer_24/width_16k/gated,FALSE
61_wikidata_occupation_isactor,24,0.25,logreg,0.8938666666666666,0.9173333333333333,0.023466667,128,layer_24/width_16k/topk_32,TRUE
62_wikidata_occupation_ispolitician,24,0.25,logreg,0.9936,0.9765333333333333,0.017066667,128,layer_24/width_16k/batch_topk_32,FALSE
63_wikidata_occupation_issinger,24,0.25,logreg,0.9530666666666666,0.9354666666666667,0.0176,128,layer_24/width_16k/matryoshka_batch_topk_32,FALSE
64_wikidata_occupation_isresearcher,24,0.25,logreg,0.96,0.9429333333333334,0.017066667,16,layer_24/width_16k/matryoshka_batch_topk_32,FALSE
5_hist_fig_ismale,24,0.3,logreg,0.994599164,0.9666942307408337,0.027904933,128,layer_24/width_16k/standard_new,FALSE
6_hist_fig_isamerican,24,0.3,logreg,0.977341777,0.9738282807400953,0.003513497,128,layer_24/width_16k/topk_32,FALSE
7_hist_fig_ispolitician,24,0.3,logreg,0.6743559974011015,0.6820197944507612,0.007663797,128,layer_24/width_16k/standard_new,TRUE
21_headline_istrump,24,0.3,logreg,0.979312178,0.9555806175337044,0.02373156,128,layer_24/width_16k/standard_new,FALSE
22_headline_isobama,24,0.3,logreg,0.990952381,0.9923809523809524,0.001428571,128,layer_24/width_16k/standard_new,TRUE
23_headline_ischina,24,0.3,logreg,0.9738095238095238,0.9299999999999999,0.043809524,128,layer_24/width_16k/gated,FALSE
24_headline_isiran,24,0.3,logreg,0.9933333333333332,0.96,0.033333333,128,layer_24/width_16k/standard,FALSE
26_headline_isfrontpage,24,0.3,logreg,0.7392758523943828,0.7729507833611434,0.033674931,128,layer_24/width_16k/gated,TRUE
36_sciq_tf,24,0.3,logreg,0.9277744348134256,0.9098820897505944,0.017892345,128,layer_24/width_16k/standard_new,FALSE
41_truthqa_tf,24,0.3,logreg,0.8838095238095238,0.822857143,0.060952381,128,layer_24/width_16k/standard_new,FALSE
42_temp_sense,24,0.3,logreg,0.9464446444644464,0.885013501,0.061431143,128,layer_24/width_16k/jumprelu_32,FALSE
44_phys_tf,24,0.3,logreg,0.8020776420903413,0.7904730438121115,0.011604598,128,layer_24/width_16k/standard_new,FALSE
47_reasoning_tf,24,0.3,logreg,0.7023112480739598,0.6718952234206472,0.030416025,128,layer_24/width_16k/standard_new,FALSE
48_cm_correct,24,0.3,logreg,0.7902736964900104,0.7795883108636907,0.010685386,128,layer_24/width_16k/standard_new,FALSE
49_cm_isshort,24,0.3,logreg,1,0.9999464715523989,5.35284E-05,128,layer_24/width_16k/jumprelu_32,FALSE
50_deon_isvalid,24,0.3,logreg,0.8769214866880288,0.8548087004031246,0.022112786,128,layer_24/width_16k/standard_new,FALSE
51_just_is,24,0.3,logreg,0.8526823289673808,0.8194393171985056,0.033243012,128,layer_24/width_16k/standard,FALSE
52_virtue_is,24,0.3,logreg,0.956671545,0.8904025497296493,0.066268995,128,layer_24/width_16k/gated,FALSE
54_cs_tf,24,0.3,logreg,0.6844331891141595,0.6530729020540158,0.031360287,128,layer_24/width_16k/standard_new,FALSE
56_wikidatasex_or_gender,24,0.3,logreg,0.9981338875681104,0.979251266,0.018882621,128,layer_24/width_16k/standard,FALSE
57_wikidatais_alive,24,0.3,logreg,0.9832031423044548,0.9594900400171291,0.023713102,128,layer_24/width_16k/standard_new,FALSE
58_wikidatapolitical_party,24,0.3,logreg,0.9576834469661591,0.9141371688303602,0.043546278,128,layer_24/width_16k/standard,FALSE
59_wikidata_occupation_isjournalist,24,0.3,logreg,0.930952381,0.9547619047619047,0.023809524,128,layer_24/width_16k/standard,TRUE
60_wikidata_occupation_isathlete,24,0.3,logreg,0.9604761904761904,0.9571428571428572,0.003333333,128,layer_24/width_16k/matryoshka_batch_topk_32,FALSE
61_wikidata_occupation_isactor,24,0.3,logreg,0.9538095238095238,0.9438095238095238,0.01,128,layer_24/width_16k/topk_32,FALSE
62_wikidata_occupation_ispolitician,24,0.3,logreg,0.9776190476190476,0.9600000000000001,0.017619048,128,layer_24/width_16k/standard_new,FALSE
63_wikidata_occupation_issinger,24,0.3,logreg,0.9440476190476192,0.9266666666666667,0.017380952,128,layer_24/width_16k/matryoshka_batch_topk_32,FALSE
64_wikidata_occupation_isresearcher,24,0.3,logreg,0.9623809523809524,0.9404761904761905,0.021904762,128,layer_24/width_16k/jumprelu_32,FALSE
5_hist_fig_ismale,24,0.35,logreg,0.9923042732655664,0.9773777309271486,0.014926542,128,layer_24/width_16k/standard_new,FALSE
6_hist_fig_isamerican,24,0.35,logreg,0.9767527405063616,0.9739564618389704,0.002796279,128,layer_24/width_16k/topk_32,FALSE
7_hist_fig_ispolitician,24,0.35,logreg,0.6604564984528507,0.6949638033477008,0.034507305,128,layer_24/width_16k/matryoshka_batch_topk_32,TRUE
21_headline_istrump,24,0.35,logreg,0.9720048568737876,0.9375196906041972,0.034485166,128,layer_24/width_16k/jumprelu_32,FALSE
22_headline_isobama,24,0.35,logreg,0.9832967032967032,0.9683516483516483,0.014945055,128,layer_24/width_16k/standard_new,FALSE
23_headline_ischina,24,0.35,logreg,0.9762637362637364,0.9494505494505494,0.026813187,128,layer_24/width_16k/gated,FALSE
24_headline_isiran,24,0.35,logreg,0.9986813186813188,0.9815384615384616,0.017142857,128,layer_24/width_16k/p_anneal,FALSE
26_headline_isfrontpage,24,0.35,logreg,0.7433486203379035,0.7603170251137158,0.016968405,128,layer_24/width_16k/gated,TRUE
36_sciq_tf,24,0.35,logreg,0.9247491097718188,0.8826925336634825,0.042056576,128,layer_24/width_16k/standard_new,FALSE
41_truthqa_tf,24,0.35,logreg,0.887032967,0.807032967,0.08,128,layer_24/width_16k/standard_new,FALSE
42_temp_sense,24,0.35,logreg,0.9282436378806842,0.8702544847726323,0.057989153,128,layer_24/width_16k/p_anneal,FALSE
44_phys_tf,24,0.35,logreg,0.81520038,0.8018712247257791,0.013329155,128,layer_24/width_16k/standard_new,FALSE
47_reasoning_tf,24,0.35,logreg,0.6884342142654163,0.6977834612105713,0.009349247,128,layer_24/width_16k/jumprelu_32,TRUE
48_cm_correct,24,0.35,logreg,0.7607070055125176,0.7802366789337358,0.019529673,128,layer_24/width_16k/standard_new,TRUE
49_cm_isshort,24,0.35,logreg,0.999998297,0.9999761584035667,2.21386E-05,128,layer_24/width_16k/gated,FALSE
50_deon_isvalid,24,0.35,logreg,0.8699211013455175,0.8494931106301165,0.020427991,128,layer_24/width_16k/standard_new,FALSE
51_just_is,24,0.35,logreg,0.8567077480079495,0.8137528546054301,0.042954893,128,layer_24/width_16k/standard_new,FALSE
52_virtue_is,24,0.35,logreg,0.9605016368518966,0.9154356852813209,0.045065952,128,layer_24/width_16k/gated,FALSE
54_cs_tf,24,0.35,logreg,0.6495728096810506,0.6254621438022918,0.024110666,128,layer_24/width_16k/standard_new,FALSE
56_wikidatasex_or_gender,24,0.35,logreg,0.9992166332600488,0.9875308450653856,0.011685788,128,layer_24/width_16k/p_anneal,FALSE
57_wikidatais_alive,24,0.35,logreg,0.9847277545132992,0.9615503168377868,0.023177438,128,layer_24/width_16k/standard_new,FALSE
58_wikidatapolitical_party,24,0.35,logreg,0.9526605978807112,0.8855641386439996,0.067096459,128,layer_24/width_16k/standard_new,FALSE
59_wikidata_occupation_isjournalist,24,0.35,logreg,0.938021978,0.9164835164835164,0.021538462,128,layer_24/width_16k/p_anneal,FALSE
60_wikidata_occupation_isathlete,24,0.35,logreg,0.9652747252747252,0.9406593406593406,0.024615385,128,layer_24/width_16k/batch_topk_32,FALSE
61_wikidata_occupation_isactor,24,0.35,logreg,0.9749450549450548,0.9542857142857143,0.020659341,128,layer_24/width_16k/topk_32,FALSE
62_wikidata_occupation_ispolitician,24,0.35,logreg,0.9709890109890108,0.9556043956043956,0.015384615,128,layer_24/width_16k/batch_topk_32,FALSE
63_wikidata_occupation_issinger,24,0.35,logreg,0.898021978,0.898021978,0,128,layer_24/width_16k/gated,FALSE
64_wikidata_occupation_isresearcher,24,0.35,logreg,0.9802197802197802,0.9657142857142857,0.014505495,128,layer_24/width_16k/matryoshka_batch_topk_32,FALSE
5_hist_fig_ismale,24,0.4,logreg,0.9945866419900228,0.9783578727053386,0.016228769,128,layer_24/width_16k/standard_new,FALSE
6_hist_fig_isamerican,24,0.4,logreg,0.9813713947956184,0.974460966,0.006910429,128,layer_24/width_16k/topk_32,FALSE
7_hist_fig_ispolitician,24,0.4,logreg,0.6858152901524365,0.7026464408624552,0.016831151,128,layer_24/width_16k/standard_new,TRUE
21_headline_istrump,24,0.4,logreg,0.9737536114623656,0.9328352785569975,0.040918333,128,layer_24/width_16k/standard_new,FALSE
22_headline_isobama,24,0.4,logreg,0.9933333333333334,0.97375,0.019583333,128,layer_24/width_16k/standard_new,FALSE
23_headline_ischina,24,0.4,logreg,0.9633333333333332,0.9433333333333334,0.02,128,layer_24/width_16k/standard_new,FALSE
24_headline_isiran,24,0.4,logreg,0.9833333333333334,0.9750000000000001,0.008333333,128,layer_24/width_16k/standard_new,FALSE
26_headline_isfrontpage,24,0.4,logreg,0.7297632947841521,0.7517817085991967,0.022018414,128,layer_24/width_16k/standard_new,TRUE
36_sciq_tf,24,0.4,logreg,0.9316959217324038,0.8959688893410785,0.035727032,128,layer_24/width_16k/standard_new,FALSE
41_truthqa_tf,24,0.4,logreg,0.8858333333333334,0.8841666666666667,0.001666667,128,layer_24/width_16k/standard_new,FALSE
42_temp_sense,24,0.4,logreg,0.9514466904478794,0.8983353151010701,0.053111375,128,layer_24/width_16k/standard_new,FALSE
44_phys_tf,24,0.4,logreg,0.7736362036081517,0.7753682520764394,0.001732048,128,layer_24/width_16k/standard_new,TRUE
47_reasoning_tf,24,0.4,logreg,0.7131430110422838,0.7176676541879882,0.004524643,128,layer_24/width_16k/standard_new,TRUE
48_cm_correct,24,0.4,logreg,0.799811534,0.7875660721985631,0.012245462,128,layer_24/width_16k/standard,FALSE
49_cm_isshort,24,0.4,logreg,0.9999935401455728,0.9999838503639321,9.68978E-06,128,layer_24/width_16k/jumprelu_32,FALSE
50_deon_isvalid,24,0.4,logreg,0.8738939517997961,0.8293968595417702,0.044497092,128,layer_24/width_16k/standard_new,FALSE
51_just_is,24,0.4,logreg,0.858083458,0.8228804813883519,0.035202977,128,layer_24/width_16k/p_anneal,FALSE
52_virtue_is,24,0.4,logreg,0.9549341926607166,0.8934428010210548,0.061491392,128,layer_24/width_16k/standard_new,FALSE
54_cs_tf,24,0.4,logreg,0.6846630136189881,0.6456366105789806,0.039026403,128,layer_24/width_16k/standard_new,FALSE
56_wikidatasex_or_gender,24,0.4,logreg,0.9991359944703646,0.9876762127165465,0.011459782,128,layer_24/width_16k/standard,FALSE
57_wikidatais_alive,24,0.4,logreg,0.98935739,0.9638377349166436,0.025519655,128,layer_24/width_16k/standard_new,FALSE
58_wikidatapolitical_party,24,0.4,logreg,0.9516616314199396,0.9120328788002504,0.039628753,128,layer_24/width_16k/standard_new,FALSE
59_wikidata_occupation_isjournalist,24,0.4,logreg,0.9383333333333332,0.8891666666666667,0.049166667,128,layer_24/width_16k/jumprelu_32,FALSE
60_wikidata_occupation_isathlete,24,0.4,logreg,0.9795833333333334,0.9650000000000001,0.014583333,128,layer_24/width_16k/matryoshka_batch_topk_32,FALSE
61_wikidata_occupation_isactor,24,0.4,logreg,0.9554166666666666,0.9404166666666666,0.015,128,layer_24/width_16k/standard_new,FALSE
62_wikidata_occupation_ispolitician,24,0.4,logreg,0.9804166666666668,0.9658333333333333,0.014583333,128,layer_24/width_16k/gated,FALSE
63_wikidata_occupation_issinger,24,0.4,logreg,0.8970833333333333,0.8779166666666667,0.019166667,128,layer_24/width_16k/p_anneal,FALSE
64_wikidata_occupation_isresearcher,24,0.4,logreg,0.9841666666666666,0.9550000000000001,0.029166667,128,layer_24/width_16k/gated,FALSE
5_hist_fig_ismale,24,0.45,logreg,0.9946805261204024,0.980061371,0.014619155,128,layer_24/width_16k/standard_new,FALSE
6_hist_fig_isamerican,24,0.45,logreg,0.9822590220375966,0.976383478,0.005875544,128,layer_24/width_16k/topk_32,FALSE
7_hist_fig_ispolitician,24,0.45,logreg,0.6794531405415651,0.6979773154827078,0.018524175,128,layer_24/width_16k/standard_new,TRUE
21_headline_istrump,24,0.45,logreg,0.9771165506751942,0.9537992102241666,0.02331734,128,layer_24/width_16k/standard_new,FALSE
22_headline_isobama,24,0.45,logreg,0.9717171717171716,0.9604040404040405,0.011313131,128,layer_24/width_16k/standard_new,FALSE
23_headline_ischina,24,0.45,logreg,0.9688888888888888,0.9797979797979799,0.010909091,128,layer_24/width_16k/standard,TRUE
24_headline_isiran,24,0.45,logreg,0.9838383838383838,0.972929293,0.010909091,128,layer_24/width_16k/p_anneal,FALSE
26_headline_isfrontpage,24,0.45,logreg,0.7554279466611531,0.7707425803834218,0.015314634,128,layer_24/width_16k/standard_new,TRUE
36_sciq_tf,24,0.45,logreg,0.9270342366727288,0.8787532757213635,0.048280961,128,layer_24/width_16k/gated,FALSE
41_truthqa_tf,24,0.45,logreg,0.9175757575757576,0.8533333333333333,0.064242424,128,layer_24/width_16k/jumprelu_32,FALSE
42_temp_sense,24,0.45,logreg,0.92213272,0.8722669735327963,0.049865746,128,layer_24/width_16k/standard_new,FALSE
44_phys_tf,24,0.45,logreg,0.7980228975468704,0.7944593512936065,0.003563546,128,layer_24/width_16k/standard_new,FALSE
47_reasoning_tf,24,0.45,logreg,0.702003557,0.6896578782172003,0.012345679,128,layer_24/width_16k/standard_new,FALSE
48_cm_correct,24,0.45,logreg,0.8123217247877145,0.7820033865437361,0.030318338,128,layer_24/width_16k/standard_new,FALSE
49_cm_isshort,24,0.45,logreg,1,0.9999859024543827,1.40975E-05,128,layer_24/width_16k/jumprelu_32,FALSE
50_deon_isvalid,24,0.45,logreg,0.8665808282777969,0.8514807905277025,0.015100038,128,layer_24/width_16k/standard_new,FALSE
51_just_is,24,0.45,logreg,0.8624980224276287,0.8216660479410536,0.040831974,128,layer_24/width_16k/standard,FALSE
52_virtue_is,24,0.45,logreg,0.9553695257556764,0.8956149867807073,0.059754539,128,layer_24/width_16k/gated,FALSE
54_cs_tf,24,0.45,logreg,0.6753906978128441,0.6586545615741632,0.016736136,128,layer_24/width_16k/standard_new,FALSE
56_wikidatasex_or_gender,24,0.45,logreg,0.997686436,0.9812972561477048,0.01638918,128,layer_24/width_16k/p_anneal,FALSE
57_wikidatais_alive,24,0.45,logreg,0.9869723014556498,0.9561221724631075,0.030850129,128,layer_24/width_16k/standard_new,FALSE
58_wikidatapolitical_party,24,0.45,logreg,0.9639611075882476,0.9196390826463751,0.044322025,128,layer_24/width_16k/standard_new,FALSE
59_wikidata_occupation_isjournalist,24,0.45,logreg,0.936161616,0.9026262626262627,0.033535354,128,layer_24/width_16k/standard_new,FALSE
60_wikidata_occupation_isathlete,24,0.45,logreg,0.9652525252525253,0.9264646464646464,0.038787879,128,layer_24/width_16k/batch_topk_32,FALSE
61_wikidata_occupation_isactor,24,0.45,logreg,0.8939393939393939,0.9058585858585858,0.011919192,128,layer_24/width_16k/standard_new,TRUE
62_wikidata_occupation_ispolitician,24,0.45,logreg,0.9664646464646464,0.9494949494949494,0.016969697,128,layer_24/width_16k/topk_32,FALSE
63_wikidata_occupation_issinger,24,0.45,logreg,0.915959596,0.9115151515151515,0.004444444,128,layer_24/width_16k/gated,FALSE
64_wikidata_occupation_isresearcher,24,0.45,logreg,0.941010101,0.9329292929292929,0.008080808,128,layer_24/width_16k/jumprelu_32,FALSE
5_hist_fig_ismale,24,0.5,logreg,0.9932460620121616,0.9760052976928051,0.017240764,128,layer_24/width_16k/standard_new,FALSE
6_hist_fig_isamerican,24,0.5,logreg,0.9822071342056332,0.9732308326961937,0.008976302,128,layer_24/width_16k/topk_32,FALSE
7_hist_fig_ispolitician,24,0.5,logreg,0.6647565403088357,0.6977818237648669,0.033025283,16,layer_24/width_16k/matryoshka_batch_topk_32,TRUE
21_headline_istrump,24,0.5,logreg,0.9754423402899152,0.9467020466525747,0.028740294,128,layer_24/width_16k/standard,FALSE
22_headline_isobama,24,0.5,logreg,0.9808,0.9412,0.0396,128,layer_24/width_16k/standard_new,FALSE
23_headline_ischina,24,0.5,logreg,0.9756,0.9548,0.0208,128,layer_24/width_16k/standard_new,FALSE
24_headline_isiran,24,0.5,logreg,0.9916,0.9652,0.0264,128,layer_24/width_16k/p_anneal,FALSE
26_headline_isfrontpage,24,0.5,logreg,0.716412147,0.7705754727368881,0.054163326,128,layer_24/width_16k/standard_new,TRUE
36_sciq_tf,24,0.5,logreg,0.9380607280605576,0.8971183714867503,0.040942357,128,layer_24/width_16k/gated,FALSE
41_truthqa_tf,24,0.5,logreg,0.9216,0.8472000000000001,0.0744,128,layer_24/width_16k/batch_topk_32,FALSE
42_temp_sense,24,0.5,logreg,0.9457762557077626,0.8852739726027398,0.060502283,128,layer_24/width_16k/gated,FALSE
44_phys_tf,24,0.5,logreg,0.7980688855149355,0.7867973306824192,0.011271555,128,layer_24/width_16k/jumprelu_32,FALSE
47_reasoning_tf,24,0.5,logreg,0.7261732104009118,0.6942401326012639,0.031933078,128,layer_24/width_16k/standard_new,FALSE
48_cm_correct,24,0.5,logreg,0.7974345891574094,0.7769587583299861,0.020475831,128,layer_24/width_16k/standard,FALSE
49_cm_isshort,24,0.5,logreg,0.9999984491531602,0.9999627796758419,3.56695E-05,128,layer_24/width_16k/jumprelu_32,FALSE
50_deon_isvalid,24,0.5,logreg,0.8833701142508866,0.8572879720971636,0.026082142,128,layer_24/width_16k/standard_new,FALSE
51_just_is,24,0.5,logreg,0.8650716723867068,0.8307638385940644,0.034307834,128,layer_24/width_16k/standard,FALSE
52_virtue_is,24,0.5,logreg,0.9611695711271252,0.900679967,0.060489604,128,layer_24/width_16k/standard_new,FALSE
54_cs_tf,24,0.5,logreg,0.6905998520492115,0.6506826052365894,0.039917247,128,layer_24/width_16k/standard_new,FALSE
56_wikidatasex_or_gender,24,0.5,logreg,0.9993889663450728,0.9878041404508933,0.011584826,128,layer_24/width_16k/standard,FALSE
57_wikidatais_alive,24,0.5,logreg,0.9844791248261112,0.9619546253231576,0.0225245,128,layer_24/width_16k/standard_new,FALSE
58_wikidatapolitical_party,24,0.5,logreg,0.9688301156281064,0.918118558,0.050711558,128,layer_24/width_16k/standard_new,FALSE
59_wikidata_occupation_isjournalist,24,0.5,logreg,0.9556,0.93,0.0256,128,layer_24/width_16k/standard_new,FALSE
60_wikidata_occupation_isathlete,24,0.5,logreg,0.9478,0.9236,0.0242,128,layer_24/width_16k/standard_new,FALSE
61_wikidata_occupation_isactor,24,0.5,logreg,0.9272,0.8839999999999999,0.0432,128,layer_24/width_16k/standard_new,FALSE
62_wikidata_occupation_ispolitician,24,0.5,logreg,0.9536,0.9359999999999999,0.0176,128,layer_24/width_16k/matryoshka_batch_topk_32,FALSE
63_wikidata_occupation_issinger,24,0.5,logreg,0.8745999999999999,0.8984,0.0238,128,layer_24/width_16k/matryoshka_batch_topk_32,TRUE
64_wikidata_occupation_isresearcher,24,0.5,logreg,0.9348,0.9124,0.0224,128,layer_24/width_16k/gated,FALSE
5_hist_fig_ismale,24,0.55,logreg,0.9928053045211266,0.9800955114626289,0.012709793,128,layer_24/width_16k/standard_new,FALSE
6_hist_fig_isamerican,24,0.55,logreg,0.981330141,0.9768334565874079,0.004496685,128,layer_24/width_16k/topk_32,FALSE
7_hist_fig_ispolitician,24,0.55,logreg,0.6929344079417405,0.7035752560133365,0.010640848,128,layer_24/width_16k/standard_new,TRUE
21_headline_istrump,24,0.55,logreg,0.9697029994610245,0.9379708201200787,0.031732179,128,layer_24/width_16k/p_anneal,FALSE
22_headline_isobama,24,0.55,logreg,0.9466666666666668,0.9551515151515151,0.008484848,128,layer_24/width_16k/jumprelu_32,TRUE
23_headline_ischina,24,0.55,logreg,0.9721212121212122,0.9555555555555555,0.016565657,128,layer_24/width_16k/standard_new,FALSE
24_headline_isiran,24,0.55,logreg,0.9927272727272728,0.9624242424242424,0.03030303,128,layer_24/width_16k/standard,FALSE
26_headline_isfrontpage,24,0.55,logreg,0.7555401662049861,0.7781019290307216,0.022561763,128,layer_24/width_16k/gated,TRUE
36_sciq_tf,24,0.55,logreg,0.9357820157681654,0.877326682,0.058455334,128,layer_24/width_16k/gated,FALSE
41_truthqa_tf,24,0.55,logreg,0.8634343434343433,0.8432323232323232,0.02020202,128,layer_24/width_16k/matryoshka_batch_topk_32,FALSE
42_temp_sense,24,0.55,logreg,0.9371153846153846,0.9084615384615384,0.028653846,128,layer_24/width_16k/standard,FALSE
44_phys_tf,24,0.55,logreg,0.7863965104473496,0.7815504318070718,0.004846079,128,layer_24/width_16k/standard_new,FALSE
47_reasoning_tf,24,0.55,logreg,0.703327922,0.680338814,0.022989108,128,layer_24/width_16k/p_anneal,FALSE
48_cm_correct,24,0.55,logreg,0.7866942003735226,0.7613200511399958,0.025374149,128,layer_24/width_16k/standard_new,FALSE
49_cm_isshort,24,0.55,logreg,0.9999952996327448,0.9999968664218297,1.56679E-06,128,layer_24/width_16k/jumprelu_32,TRUE
50_deon_isvalid,24,0.55,logreg,0.8917380077963425,0.8668871661172461,0.024850842,128,layer_24/width_16k/standard_new,FALSE
51_just_is,24,0.55,logreg,0.8694073463606624,0.8300550883042328,0.039352258,128,layer_24/width_16k/standard_new,FALSE
52_virtue_is,24,0.55,logreg,0.9650218624334908,0.9162642457021442,0.048757617,128,layer_24/width_16k/standard_new,FALSE
54_cs_tf,24,0.55,logreg,0.6888529223750015,0.63668668,0.052166243,128,layer_24/width_16k/standard_new,FALSE
56_wikidatasex_or_gender,24,0.55,logreg,0.9990035221418632,0.9842020656547299,0.014801456,128,layer_24/width_16k/standard,FALSE
57_wikidatais_alive,24,0.55,logreg,0.9867590654416466,0.9583939158446246,0.02836515,128,layer_24/width_16k/standard_new,FALSE
58_wikidatapolitical_party,24,0.55,logreg,0.9576679005817028,0.9185748281332629,0.039093072,128,layer_24/width_16k/standard_new,FALSE
59_wikidata_occupation_isjournalist,24,0.55,logreg,0.9587878787878787,0.9381818181818181,0.020606061,128,layer_24/width_16k/matryoshka_batch_topk_32,FALSE
60_wikidata_occupation_isathlete,24,0.55,logreg,0.9773737373737372,0.9701010101010101,0.007272727,128,layer_24/width_16k/jumprelu_32,FALSE
61_wikidata_occupation_isactor,24,0.55,logreg,0.926060606,0.9163636363636364,0.00969697,128,layer_24/width_16k/batch_topk_32,FALSE
62_wikidata_occupation_ispolitician,24,0.55,logreg,0.9951515151515152,0.9705050505050504,0.024646465,128,layer_24/width_16k/matryoshka_batch_topk_32,FALSE
63_wikidata_occupation_issinger,24,0.55,logreg,0.9543434343434344,0.9462626262626262,0.008080808,128,layer_24/width_16k/topk_32,FALSE
64_wikidata_occupation_isresearcher,24,0.55,logreg,0.9664646464646464,0.9656565656565657,0.000808081,128,layer_24/width_16k/batch_topk_32,FALSE
5_hist_fig_ismale,24,0.6,logreg,0.9922861648634324,0.9740098369979705,0.018276328,128,layer_24/width_16k/standard_new,FALSE
6_hist_fig_isamerican,24,0.6,logreg,0.9612950970127068,0.964546089,0.003250992,128,layer_24/width_16k/batch_topk_32,TRUE
7_hist_fig_ispolitician,24,0.6,logreg,0.6750607541267565,0.7038236320626672,0.028762878,128,layer_24/width_16k/jumprelu_32,TRUE
21_headline_istrump,24,0.6,logreg,0.9758906296454284,0.9391101459391683,0.036780484,128,layer_24/width_16k/standard,FALSE
22_headline_isobama,24,0.6,logreg,0.98625,0.9633333333333334,0.022916667,128,layer_24/width_16k/standard_new,FALSE
23_headline_ischina,24,0.6,logreg,0.9758333333333332,0.97125,0.004583333,128,layer_24/width_16k/standard_new,FALSE
24_headline_isiran,24,0.6,logreg,0.98,0.9708333333333332,0.009166667,128,layer_24/width_16k/standard,FALSE
26_headline_isfrontpage,24,0.6,logreg,0.7190598298884451,0.7571014464652732,0.038041617,128,layer_24/width_16k/standard_new,TRUE
36_sciq_tf,24,0.6,logreg,0.9367526919248716,0.890144905,0.046607787,128,layer_24/width_16k/standard_new,FALSE
41_truthqa_tf,24,0.6,logreg,0.8645833333333334,0.8191666666666666,0.045416667,128,layer_24/width_16k/batch_topk_32,FALSE
42_temp_sense,24,0.6,logreg,0.9544193420531114,0.8654379706698375,0.088981371,128,layer_24/width_16k/standard_new,FALSE
44_phys_tf,24,0.6,logreg,0.754900725,0.7911479944674966,0.036247269,128,layer_24/width_16k/standard_new,TRUE
47_reasoning_tf,24,0.6,logreg,0.6803411421785599,0.6985048040591602,0.018163662,128,layer_24/width_16k/standard_new,TRUE
48_cm_correct,24,0.6,logreg,0.7812980700869947,0.7745456366903218,0.006752433,128,layer_24/width_16k/p_anneal,FALSE
49_cm_isshort,24,0.6,logreg,1,0.9999870735900519,1.29264E-05,128,layer_24/width_16k/jumprelu_32,FALSE
50_deon_isvalid,24,0.6,logreg,0.8751268403976163,0.8325836015563399,0.042543239,128,layer_24/width_16k/standard_new,FALSE
51_just_is,24,0.6,logreg,0.8764041312806194,0.8249957989167668,0.051408332,128,layer_24/width_16k/standard_new,FALSE
52_virtue_is,24,0.6,logreg,0.9283690718138774,0.8930127919487887,0.03535628,128,layer_24/width_16k/gated,FALSE
54_cs_tf,24,0.6,logreg,0.6928571890228927,0.6276079032070423,0.065249286,128,layer_24/width_16k/standard_new,FALSE
56_wikidatasex_or_gender,24,0.6,logreg,0.999575044,0.9879752071457194,0.011599837,128,layer_24/width_16k/standard,FALSE
57_wikidatais_alive,24,0.6,logreg,0.988741097,0.9683577642481354,0.020383333,128,layer_24/width_16k/standard_new,FALSE
58_wikidatapolitical_party,24,0.6,logreg,0.9727007577822604,0.9147903832524669,0.057910375,128,layer_24/width_16k/standard_new,FALSE
59_wikidata_occupation_isjournalist,24,0.6,logreg,0.885,0.8645833333333334,0.020416667,16,layer_24/width_16k/standard_new,FALSE
60_wikidata_occupation_isathlete,24,0.6,logreg,0.97375,0.9604166666666667,0.013333333,128,layer_24/width_16k/standard_new,FALSE
61_wikidata_occupation_isactor,24,0.6,logreg,0.8908333333333334,0.8858333333333334,0.005,128,layer_24/width_16k/standard_new,FALSE
62_wikidata_occupation_ispolitician,24,0.6,logreg,0.9833333333333332,0.9729166666666667,0.010416667,128,layer_24/width_16k/jumprelu_32,FALSE
63_wikidata_occupation_issinger,24,0.6,logreg,0.9483333333333333,0.9391666666666666,0.009166667,128,layer_24/width_16k/matryoshka_batch_topk_32,FALSE
64_wikidata_occupation_isresearcher,24,0.6,logreg,0.98125,0.9433333333333334,0.037916667,128,layer_24/width_16k/gated,FALSE
5_hist_fig_ismale,24,0.65,logreg,0.9899842857337642,0.973382896,0.016601389,128,layer_24/width_16k/standard_new,FALSE
6_hist_fig_isamerican,24,0.65,logreg,0.9802293396599444,0.971727956,0.008501384,128,layer_24/width_16k/topk_32,FALSE
7_hist_fig_ispolitician,24,0.65,logreg,0.654371361,0.7002614499393245,0.045890089,128,layer_24/width_16k/p_anneal,TRUE
21_headline_istrump,24,0.65,logreg,0.9798049522095416,0.9544047667743827,0.025400185,128,layer_24/width_16k/standard_new,FALSE
22_headline_isobama,24,0.65,logreg,0.9872527472527473,0.9846153846153847,0.002637363,128,layer_24/width_16k/jumprelu_32,FALSE
23_headline_ischina,24,0.65,logreg,0.9978021978021978,0.9701098901098901,0.027692308,128,layer_24/width_16k/standard,FALSE
24_headline_isiran,24,0.65,logreg,0.9973626373626372,0.9916483516483516,0.005714286,128,layer_24/width_16k/p_anneal,FALSE
26_headline_isfrontpage,24,0.65,logreg,0.7458123696159038,0.7703245797030311,0.02451221,128,layer_24/width_16k/standard_new,TRUE
36_sciq_tf,24,0.65,logreg,0.9328641210237112,0.8783661253596216,0.054497996,128,layer_24/width_16k/standard_new,FALSE
41_truthqa_tf,24,0.65,logreg,0.8494505494505495,0.7894505494505495,0.06,128,layer_24/width_16k/jumprelu_32,FALSE
42_temp_sense,24,0.65,logreg,0.9665263157894738,0.8776842105263158,0.088842105,128,layer_24/width_16k/standard_new,FALSE
44_phys_tf,24,0.65,logreg,0.7851696186307795,0.7623140535307672,0.022855565,128,layer_24/width_16k/jumprelu_32,FALSE
47_reasoning_tf,24,0.65,logreg,0.6655166514598541,0.6918339416058394,0.02631729,128,layer_24/width_16k/standard_new,TRUE
48_cm_correct,24,0.65,logreg,0.7924677192838929,0.7525207591933571,0.03994696,128,layer_24/width_16k/standard,FALSE
49_cm_isshort,24,0.65,logreg,1,0.9999914781636464,8.52184E-06,128,layer_24/width_16k/jumprelu_32,FALSE
50_deon_isvalid,24,0.65,logreg,0.8883690568713271,0.8465353622121323,0.041833695,128,layer_24/width_16k/standard_new,FALSE
51_just_is,24,0.65,logreg,0.8764453034455489,0.8178116605991193,0.058633643,128,layer_24/width_16k/standard_new,FALSE
52_virtue_is,24,0.65,logreg,0.9638527269599128,0.9089445814455851,0.054908146,128,layer_24/width_16k/standard_new,FALSE
54_cs_tf,24,0.65,logreg,0.6789687896265391,0.6352210905223544,0.043747699,128,layer_24/width_16k/standard_new,FALSE
56_wikidatasex_or_gender,24,0.65,logreg,0.9978678365443612,0.9833091313180894,0.014558705,128,layer_24/width_16k/p_anneal,FALSE
57_wikidatais_alive,24,0.65,logreg,0.9905032655676907,0.9648985560600483,0.02560471,128,layer_24/width_16k/standard_new,FALSE
58_wikidatapolitical_party,24,0.65,logreg,0.9620322394933792,0.9059729418537709,0.056059298,128,layer_24/width_16k/standard,FALSE
59_wikidata_occupation_isjournalist,24,0.65,logreg,0.911868132,0.9393406593406592,0.027472527,128,layer_24/width_16k/topk_32,TRUE
60_wikidata_occupation_isathlete,24,0.65,logreg,0.9553846153846154,0.9331868131868132,0.022197802,16,layer_24/width_16k/gated,FALSE
61_wikidata_occupation_isactor,24,0.65,logreg,0.9072527472527474,0.9415384615384617,0.034285714,128,layer_24/width_16k/standard_new,TRUE
62_wikidata_occupation_ispolitician,24,0.65,logreg,0.9898901098901098,0.9393406593406594,0.050549451,128,layer_24/width_16k/gated,FALSE
63_wikidata_occupation_issinger,24,0.65,logreg,0.9709890109890112,0.9595604395604396,0.011428571,128,layer_24/width_16k/batch_topk_32,FALSE
64_wikidata_occupation_isresearcher,24,0.65,logreg,0.9571428571428572,0.949010989,0.008131868,128,layer_24/width_16k/gated,FALSE
5_hist_fig_ismale,24,0.7,logreg,0.9928371448371448,0.9777260337260337,0.015111111,128,layer_24/width_16k/standard_new,FALSE
6_hist_fig_isamerican,24,0.7,logreg,0.9766098406098408,0.971993532,0.004616309,128,layer_24/width_16k/topk_32,FALSE
7_hist_fig_ispolitician,24,0.7,logreg,0.6781667821667822,0.7085035805035804,0.030336798,128,layer_24/width_16k/p_anneal,TRUE
21_headline_istrump,24,0.7,logreg,0.969079233,0.9383728343728344,0.030706399,128,layer_24/width_16k/standard,FALSE
22_headline_isobama,24,0.7,logreg,0.9833333333333334,0.9771428571428572,0.006190476,128,layer_24/width_16k/standard_new,FALSE
23_headline_ischina,24,0.7,logreg,0.9707142857142858,0.9447619047619048,0.025952381,128,layer_24/width_16k/p_anneal,FALSE
24_headline_isiran,24,0.7,logreg,0.9464285714285714,0.9528571428571428,0.006428571,128,layer_24/width_16k/p_anneal,TRUE
26_headline_isfrontpage,24,0.7,logreg,0.7339635019635019,0.7532418572418573,0.019278355,16,layer_24/width_16k/standard_new,TRUE
36_sciq_tf,24,0.7,logreg,0.935998152,0.8741215061215062,0.061876646,128,layer_24/width_16k/gated,FALSE
41_truthqa_tf,24,0.7,logreg,0.7776190476190475,0.8009523809523809,0.023333333,128,layer_24/width_16k/jumprelu_32,TRUE
42_temp_sense,24,0.7,logreg,0.9108527131782946,0.8554491564067488,0.055403557,128,layer_24/width_16k/jumprelu_32,FALSE
44_phys_tf,24,0.7,logreg,0.7880988680988681,0.7667230307230307,0.021375837,128,layer_24/width_16k/standard_new,FALSE
47_reasoning_tf,24,0.7,logreg,0.6897373962591353,0.6815000619348446,0.008237334,128,layer_24/width_16k/standard,FALSE
48_cm_correct,24,0.7,logreg,0.7666435666435666,0.7654368214368215,0.001206745,128,layer_24/width_16k/p_anneal,FALSE
49_cm_isshort,24,0.7,logreg,1,0.999996304,3.696E-06,128,layer_24/width_16k/jumprelu_32,FALSE
50_deon_isvalid,24,0.7,logreg,0.8823229383229384,0.8493841533841534,0.032938785,128,layer_24/width_16k/standard_new,FALSE
51_just_is,24,0.7,logreg,0.8646966966966968,0.8348958188958188,0.029800878,128,layer_24/width_16k/standard_new,FALSE
52_virtue_is,24,0.7,logreg,0.9575919372529542,0.9125514786531737,0.045040459,128,layer_24/width_16k/standard_new,FALSE
54_cs_tf,24,0.7,logreg,0.6482790482790483,0.6443446523446523,0.003934396,128,layer_24/width_16k/standard_new,FALSE
56_wikidatasex_or_gender,24,0.7,logreg,0.9995805035805037,0.9870917070917071,0.012488796,128,layer_24/width_16k/standard,FALSE
57_wikidatais_alive,24,0.7,logreg,0.9881986601986602,0.9635426195426194,0.024656041,128,layer_24/width_16k/standard_new,FALSE
58_wikidatapolitical_party,24,0.7,logreg,0.9670103092783504,0.9161668228678538,0.050843486,128,layer_24/width_16k/standard_new,FALSE
59_wikidata_occupation_isjournalist,24,0.7,logreg,0.951904762,0.9285714285714286,0.023333333,128,layer_24/width_16k/standard_new,FALSE
60_wikidata_occupation_isathlete,24,0.7,logreg,0.91,0.9285714285714285,0.018571429,128,layer_24/width_16k/standard_new,TRUE
61_wikidata_occupation_isactor,24,0.7,logreg,0.9795238095238096,0.9833333333333333,0.003809524,128,layer_24/width_16k/topk_32,TRUE
62_wikidata_occupation_ispolitician,24,0.7,logreg,0.9704761904761904,0.9538095238095238,0.016666667,128,layer_24/width_16k/gated,FALSE
63_wikidata_occupation_issinger,24,0.7,logreg,0.9371428571428572,0.9228571428571428,0.014285714,128,layer_24/width_16k/batch_topk_32,FALSE
64_wikidata_occupation_isresearcher,24,0.7,logreg,0.9447619047619048,0.9276190476190476,0.017142857,128,layer_24/width_16k/batch_topk_32,FALSE
5_hist_fig_ismale,24,0.75,logreg,0.9897331360395693,0.9705673575397605,0.019165778,128,layer_24/width_16k/standard_new,FALSE
6_hist_fig_isamerican,24,0.75,logreg,0.9425295681956934,0.9641953208265643,0.021665753,128,layer_24/width_16k/batch_topk_32,TRUE
7_hist_fig_ispolitician,24,0.75,logreg,0.6652455996937119,0.6957419728686582,0.030496373,128,layer_24/width_16k/standard,TRUE
21_headline_istrump,24,0.75,logreg,0.9682919257871918,0.9310396208648503,0.037252305,128,layer_24/width_16k/jumprelu_32,FALSE
22_headline_isobama,24,0.75,logreg,0.9562666666666666,0.9562666666666666,0,128,layer_24/width_16k/jumprelu_32,FALSE
23_headline_ischina,24,0.75,logreg,0.9877333333333332,0.9754666666666667,0.012266667,128,layer_24/width_16k/standard,FALSE
24_headline_isiran,24,0.75,logreg,0.9829333333333332,0.9632,0.019733333,128,layer_24/width_16k/standard,FALSE
26_headline_isfrontpage,24,0.75,logreg,0.7258885980070571,0.7643670905723243,0.038478493,128,layer_24/width_16k/gated,TRUE
36_sciq_tf,24,0.75,logreg,0.921803375,0.8650634823729059,0.056739893,128,layer_24/width_16k/jumprelu_32,FALSE
41_truthqa_tf,24,0.75,logreg,0.8634666666666667,0.8448,0.018666667,128,layer_24/width_16k/standard,FALSE
42_temp_sense,24,0.75,logreg,0.9049439347604484,0.8593272171253823,0.045616718,128,layer_24/width_16k/standard,FALSE
44_phys_tf,24,0.75,logreg,0.7991225256361172,0.774224191,0.024898335,128,layer_24/width_16k/standard,FALSE
47_reasoning_tf,24,0.75,logreg,0.6586302317537184,0.6863714977516431,0.027741266,128,layer_24/width_16k/standard_new,TRUE
48_cm_correct,24,0.75,logreg,0.7945613145559338,0.7605509048954378,0.03401041,128,layer_24/width_16k/topk_32,FALSE
49_cm_isshort,24,0.75,logreg,1,0.9999958609699817,4.13903E-06,128,layer_24/width_16k/jumprelu_32,FALSE
50_deon_isvalid,24,0.75,logreg,0.876685879,0.8361026893347545,0.040583189,128,layer_24/width_16k/standard_new,FALSE
51_just_is,24,0.75,logreg,0.8796452851274305,0.8439813329746175,0.035663952,128,layer_24/width_16k/standard_new,FALSE
52_virtue_is,24,0.75,logreg,0.9578682686377528,0.903295139,0.05457313,128,layer_24/width_16k/gated,FALSE
54_cs_tf,24,0.75,logreg,0.6731511470286938,0.6790844465599486,0.0059333,128,layer_24/width_16k/standard_new,TRUE
56_wikidatasex_or_gender,24,0.75,logreg,0.9936734926170052,0.9717242164298797,0.021949276,128,layer_24/width_16k/standard_new,FALSE
57_wikidatais_alive,24,0.75,logreg,0.9722985068449208,0.9420225370184498,0.03027597,128,layer_24/width_16k/standard,FALSE
58_wikidatapolitical_party,24,0.75,logreg,0.9184302427099704,0.8741924218613585,0.044237821,128,layer_24/width_16k/p_anneal,FALSE
59_wikidata_occupation_isjournalist,24,0.75,logreg,0.9029333333333333,0.8821333333333333,0.0208,16,layer_24/width_16k/batch_topk_32,FALSE
60_wikidata_occupation_isathlete,24,0.75,logreg,0.9898666666666668,0.9685333333333334,0.021333333,128,layer_24/width_16k/standard_new,FALSE
61_wikidata_occupation_isactor,24,0.75,logreg,0.9637333333333332,0.9461333333333334,0.0176,128,layer_24/width_16k/gated,FALSE
62_wikidata_occupation_ispolitician,24,0.75,logreg,0.9488,0.9605333333333334,0.011733333,16,layer_24/width_16k/p_anneal,TRUE
63_wikidata_occupation_issinger,24,0.75,logreg,0.9162666666666668,0.8869333333333334,0.029333333,128,layer_24/width_16k/batch_topk_32,FALSE
64_wikidata_occupation_isresearcher,24,0.75,logreg,0.9018666666666666,0.912,0.010133333,128,layer_24/width_16k/batch_topk_32,TRUE
5_hist_fig_ismale,24,0.8,logreg,0.9824672412330144,0.9756791156042037,0.006788126,128,layer_24/width_16k/standard_new,FALSE
6_hist_fig_isamerican,24,0.8,logreg,0.9806756609331247,0.9718510976156708,0.008824563,128,layer_24/width_16k/batch_topk_32,FALSE
7_hist_fig_ispolitician,24,0.8,logreg,0.7034280034425494,0.7176079130150188,0.01417991,128,layer_24/width_16k/p_anneal,TRUE
21_headline_istrump,24,0.8,logreg,0.9146768973417214,0.9191800913972629,0.004503194,128,layer_24/width_16k/standard,TRUE
22_headline_isobama,24,0.8,logreg,0.9725,0.9606250000000001,0.011875,128,layer_24/width_16k/standard_new,FALSE
23_headline_ischina,24,0.8,logreg,0.980625,0.96875,0.011875,128,layer_24/width_16k/jumprelu_32,FALSE
24_headline_isiran,24,0.8,logreg,0.99125,0.9875,0.00375,128,layer_24/width_16k/jumprelu_32,FALSE
26_headline_isfrontpage,24,0.8,logreg,0.7263476247621126,0.753574069,0.027226445,128,layer_24/width_16k/jumprelu_32,TRUE
36_sciq_tf,24,0.8,logreg,0.9396875037880168,0.8698110234311551,0.06987648,128,layer_24/width_16k/gated,FALSE
41_truthqa_tf,24,0.8,logreg,0.71,0.7825,0.0725,128,layer_24/width_16k/batch_topk_32,TRUE
42_temp_sense,24,0.8,logreg,0.8935790725326991,0.8136147443519618,0.079964328,128,layer_24/width_16k/matryoshka_batch_topk_32,FALSE
44_phys_tf,24,0.8,logreg,0.7685273403881353,0.762801072,0.005726269,128,layer_24/width_16k/standard_new,FALSE
47_reasoning_tf,24,0.8,logreg,0.5576516076516077,0.6536426536426536,0.095991046,128,layer_24/width_16k/jumprelu_32,TRUE
48_cm_correct,24,0.8,logreg,0.7694219183727893,0.7470089821448053,0.022412936,128,layer_24/width_16k/topk_32,FALSE
49_cm_isshort,24,0.8,logreg,0.9999951513388364,0.9999975756694183,2.42433E-06,128,layer_24/width_16k/jumprelu_32,TRUE
50_deon_isvalid,24,0.8,logreg,0.8866504236517692,0.8255427470089821,0.061107677,128,layer_24/width_16k/standard_new,FALSE
51_just_is,24,0.8,logreg,0.8669684958240906,0.8252057650581233,0.041762731,128,layer_24/width_16k/standard_new,FALSE
52_virtue_is,24,0.8,logreg,0.9587649044970395,0.9050760924527378,0.053688812,128,layer_24/width_16k/standard_new,FALSE
54_cs_tf,24,0.8,logreg,0.6342557911196771,0.6195376801580663,0.014718111,128,layer_24/width_16k/topk_32,FALSE
56_wikidatasex_or_gender,24,0.8,logreg,0.9990060244614956,0.9742778525279707,0.024728172,128,layer_24/width_16k/p_anneal,FALSE
57_wikidatais_alive,24,0.8,logreg,0.9501630362316206,0.9575911851340049,0.007428149,128,layer_24/width_16k/standard_new,TRUE
58_wikidatapolitical_party,24,0.8,logreg,0.95628976,0.8979683972911964,0.058321363,128,layer_24/width_16k/p_anneal,FALSE
59_wikidata_occupation_isjournalist,24,0.8,logreg,0.89375,0.834375,0.059375,128,layer_24/width_16k/standard_new,FALSE
60_wikidata_occupation_isathlete,24,0.8,logreg,0.98375,0.965,0.01875,128,layer_24/width_16k/p_anneal,FALSE
61_wikidata_occupation_isactor,24,0.8,logreg,0.953125,0.934375,0.01875,128,layer_24/width_16k/standard,FALSE
62_wikidata_occupation_ispolitician,24,0.8,logreg,0.99875,0.986875,0.011875,128,layer_24/width_16k/p_anneal,FALSE
63_wikidata_occupation_issinger,24,0.8,logreg,0.9440625,0.9475,0.0034375,128,layer_24/width_16k/batch_topk_32,TRUE
64_wikidata_occupation_isresearcher,24,0.8,logreg,0.98375,0.970625,0.013125,128,layer_24/width_16k/batch_topk_32,FALSE
5_hist_fig_ismale,24,0.85,logreg,0.9891013909224012,0.9600445339189849,0.029056857,128,layer_24/width_16k/p_anneal,FALSE
6_hist_fig_isamerican,24,0.85,logreg,0.9695918740849196,0.9610236700829673,0.008568204,128,layer_24/width_16k/batch_topk_32,FALSE
7_hist_fig_ispolitician,24,0.85,logreg,0.6459339921913129,0.7020284285017081,0.056094436,16,layer_24/width_16k/standard_new,TRUE
21_headline_istrump,24,0.85,logreg,0.9529358833577356,0.9343826256710591,0.018553258,128,layer_24/width_16k/p_anneal,FALSE
22_headline_isobama,24,0.85,logreg,0.9937254901960784,0.9678431372549019,0.025882353,128,layer_24/width_16k/topk_32,FALSE
23_headline_ischina,24,0.85,logreg,0.992156863,0.9803921568627452,0.011764706,128,layer_24/width_16k/gated,FALSE
24_headline_isiran,24,0.85,logreg,0.9827450980392158,0.9803921568627452,0.002352941,128,layer_24/width_16k/p_anneal,FALSE
26_headline_isfrontpage,24,0.85,logreg,0.6491215226939971,0.7623139336261591,0.113192411,128,layer_24/width_16k/standard_new,TRUE
36_sciq_tf,24,0.85,logreg,0.9027635431918009,0.8310761346998536,0.071687408,128,layer_24/width_16k/gated,FALSE
41_truthqa_tf,24,0.85,logreg,0.8407843137254902,0.8360784313725491,0.004705882,128,layer_24/width_16k/topk_32,FALSE
42_temp_sense,24,0.85,logreg,0.8805683563748079,0.8502304147465438,0.030337942,128,layer_24/width_16k/p_anneal,FALSE
44_phys_tf,24,0.85,logreg,0.7624572962420694,0.7606911908247926,0.001766105,128,layer_24/width_16k/p_anneal,FALSE
47_reasoning_tf,24,0.85,logreg,0.5313432835820895,0.6208955223880597,0.089552239,128,layer_24/width_16k/batch_topk_32,TRUE
48_cm_correct,24,0.85,logreg,0.7547584187408491,0.7254392386530015,0.02931918,128,layer_24/width_16k/topk_32,FALSE
49_cm_isshort,24,0.85,logreg,1,0.9999969497315764,3.05027E-06,128,layer_24/width_16k/jumprelu_32,FALSE
50_deon_isvalid,24,0.85,logreg,0.8615864446071254,0.8382869692532944,0.023299475,128,layer_24/width_16k/standard_new,FALSE
51_just_is,24,0.85,logreg,0.8621156661786237,0.7953483406539775,0.066767326,128,layer_24/width_16k/p_anneal,FALSE
52_virtue_is,24,0.85,logreg,0.9468087286138714,0.8883686780726018,0.058440051,128,layer_24/width_16k/standard_new,FALSE
54_cs_tf,24,0.85,logreg,0.6626342118106394,0.64454002,0.018094192,128,layer_24/width_16k/standard_new,FALSE
56_wikidatasex_or_gender,24,0.85,logreg,0.9970153123474866,0.9829612005856515,0.014054112,128,layer_24/width_16k/standard_new,FALSE
57_wikidatais_alive,24,0.85,logreg,0.9870241581259152,0.945802831,0.041221327,128,layer_24/width_16k/standard,FALSE
58_wikidatapolitical_party,24,0.85,logreg,0.9474910672673608,0.8785925120397701,0.068898555,128,layer_24/width_16k/standard_new,FALSE
59_wikidata_occupation_isjournalist,24,0.85,logreg,0.8698039215686274,0.8474509803921568,0.022352941,16,layer_24/width_16k/batch_topk_32,FALSE
60_wikidata_occupation_isathlete,24,0.85,logreg,0.8862745098039216,0.8776470588235294,0.008627451,128,layer_24/width_16k/batch_topk_32,FALSE
61_wikidata_occupation_isactor,24,0.85,logreg,0.9654901960784316,0.9380392156862746,0.02745098,128,layer_24/width_16k/topk_32,FALSE
62_wikidata_occupation_ispolitician,24,0.85,logreg,0.996078431,0.9937254901960785,0.002352941,128,layer_24/width_16k/standard_new,FALSE
63_wikidata_occupation_issinger,24,0.85,logreg,0.8964705882352941,0.9278431372549021,0.031372549,128,layer_24/width_16k/topk_32,TRUE
64_wikidata_occupation_isresearcher,24,0.85,logreg,0.9474509803921568,0.9450980392156862,0.002352941,128,layer_24/width_16k/batch_topk_32,FALSE
5_hist_fig_ismale,24,0.9,logreg,0.9806362378976488,0.9706172199170124,0.010019018,128,layer_24/width_16k/standard_new,FALSE
6_hist_fig_isamerican,24,0.9,logreg,0.9414851313969572,0.9803812240663901,0.038896093,128,layer_24/width_16k/topk_32,TRUE
7_hist_fig_ispolitician,24,0.9,logreg,0.6726400414937759,0.6936419432918396,0.021001902,16,layer_24/width_16k/standard_new,TRUE
21_headline_istrump,24,0.9,logreg,0.9656811894882434,0.923344571,0.042336618,128,layer_24/width_16k/p_anneal,FALSE
22_headline_isobama,24,0.9,logreg,0.99,0.9888888888888889,0.001111111,128,layer_24/width_16k/standard,FALSE
23_headline_ischina,24,0.9,logreg,0.9944444444444444,0.9377777777777777,0.056666667,128,layer_24/width_16k/gated,FALSE
24_headline_isiran,24,0.9,logreg,1,1,0,128,layer_24/width_16k/jumprelu_32,FALSE
26_headline_isfrontpage,24,0.9,logreg,0.7419994813278008,0.7674706085753804,0.025471127,128,layer_24/width_16k/standard_new,TRUE
36_sciq_tf,24,0.9,logreg,0.8890905947441218,0.8237206085753804,0.065369986,128,layer_24/width_16k/standard_new,FALSE
41_truthqa_tf,24,0.9,logreg,0.7672222222222222,0.7866666666666666,0.019444444,128,layer_24/width_16k/standard_new,TRUE
42_temp_sense,24,0.9,logreg,0.9280261723009816,0.8042529989094874,0.123773173,128,layer_24/width_16k/batch_topk_32,FALSE
44_phys_tf,24,0.9,logreg,0.6685252420470263,0.6963520055325034,0.027826763,128,layer_24/width_16k/standard_new,TRUE
47_reasoning_tf,24,0.9,logreg,0.6288932348254384,0.6548602057076633,0.025966971,128,layer_24/width_16k/standard,TRUE
48_cm_correct,24,0.9,logreg,0.702472337,0.7334759681881051,0.031003631,128,layer_24/width_16k/batch_topk_32,TRUE
49_cm_isshort,24,0.9,logreg,1,0.9999956777316735,4.32227E-06,128,layer_24/width_16k/jumprelu_32,FALSE
50_deon_isvalid,24,0.9,logreg,0.871140214,0.8040888658367911,0.067051349,128,layer_24/width_16k/standard_new,FALSE
51_just_is,24,0.9,logreg,0.8376858575380359,0.7971213692946059,0.040564488,128,layer_24/width_16k/standard_new,FALSE
52_virtue_is,24,0.9,logreg,0.9372800170653428,0.8770228733770955,0.060257144,128,layer_24/width_16k/standard_new,FALSE
54_cs_tf,24,0.9,logreg,0.6323478561549102,0.5969052558782849,0.0354426,128,layer_24/width_16k/standard_new,FALSE
56_wikidatasex_or_gender,24,0.9,logreg,0.9985995850622408,0.9808004840940525,0.017799101,128,layer_24/width_16k/standard_new,FALSE
57_wikidatais_alive,24,0.9,logreg,0.9769925656984784,0.9440179806362379,0.032974585,128,layer_24/width_16k/standard_new,FALSE
58_wikidatapolitical_party,24,0.9,logreg,0.9133260313983206,0.8542168674698796,0.059109164,128,layer_24/width_16k/standard_new,FALSE
59_wikidata_occupation_isjournalist,24,0.9,logreg,0.8722222222222222,0.8922222222222222,0.02,128,layer_24/width_16k/standard_new,TRUE
60_wikidata_occupation_isathlete,24,0.9,logreg,0.9822222222222222,0.9455555555555556,0.036666667,128,layer_24/width_16k/standard_new,FALSE
61_wikidata_occupation_isactor,24,0.9,logreg,0.9022222222222224,0.8883333333333334,0.013888889,16,layer_24/width_16k/batch_topk_32,FALSE
62_wikidata_occupation_ispolitician,24,0.9,logreg,0.9644444444444444,0.9477777777777778,0.016666667,128,layer_24/width_16k/matryoshka_batch_topk_32,FALSE
63_wikidata_occupation_issinger,24,0.9,logreg,0.9188888888888888,0.9400000000000001,0.021111111,128,layer_24/width_16k/matryoshka_batch_topk_32,TRUE
64_wikidata_occupation_isresearcher,24,0.9,logreg,0.9666666666666668,0.9744444444444444,0.007777778,128,layer_24/width_16k/jumprelu_32,TRUE
5_hist_fig_ismale,24,0.95,logreg,0.9815039318479686,0.9599361074705113,0.021567824,128,layer_24/width_16k/p_anneal,FALSE
6_hist_fig_isamerican,24,0.95,logreg,0.8956422018348624,0.9461500655307995,0.050507864,128,layer_24/width_16k/standard,TRUE
7_hist_fig_ispolitician,24,0.95,logreg,0.6805250655307995,0.6804185779816514,0.000106488,16,layer_24/width_16k/standard_new,FALSE
21_headline_istrump,24,0.95,logreg,0.8580848623853211,0.902760485,0.044675623,128,layer_24/width_16k/p_anneal,TRUE
22_headline_isobama,24,0.95,logreg,0.8926315789473684,0.9242105263157896,0.031578947,128,layer_24/width_16k/p_anneal,TRUE
23_headline_ischina,24,0.95,logreg,0.8905263157894737,0.9284210526315789,0.037894737,128,layer_24/width_16k/standard_new,TRUE
24_headline_isiran,24,0.95,logreg,0.9936842105263158,0.9957894736842106,0.002105263,128,layer_24/width_16k/p_anneal,TRUE
26_headline_isfrontpage,24,0.95,logreg,0.6960804390563565,0.702826016,0.006745577,128,layer_24/width_16k/topk_32,TRUE
36_sciq_tf,24,0.95,logreg,0.9126638269986894,0.8145806028833551,0.098083224,128,layer_24/width_16k/gated,FALSE
41_truthqa_tf,24,0.95,logreg,0.8273684210526315,0.928421053,0.101052632,128,layer_24/width_16k/batch_topk_32,TRUE
42_temp_sense,24,0.95,logreg,0.8178053830227744,0.8643892339544513,0.046583851,128,layer_24/width_16k/standard_new,TRUE
44_phys_tf,24,0.95,logreg,0.6644167758846659,0.760108126,0.09569135,128,layer_24/width_16k/p_anneal,TRUE
47_reasoning_tf,24,0.95,logreg,0.5935828877005348,0.5429214748100197,0.050661413,128,layer_24/width_16k/batch_topk_32,FALSE
48_cm_correct,24,0.95,logreg,0.7369593709043252,0.7036123853211009,0.033346986,128,layer_24/width_16k/topk_32,FALSE
49_cm_isshort,24,0.95,logreg,1,1,0,128,layer_24/width_16k/jumprelu_32,FALSE
50_deon_isvalid,24,0.95,logreg,0.6782151048492792,0.7656618610747052,0.087446756,128,layer_24/width_16k/standard_new,TRUE
51_just_is,24,0.95,logreg,0.854558486,0.816620249,0.037938237,128,layer_24/width_16k/standard_new,FALSE
52_virtue_is,24,0.95,logreg,0.9169394359685624,0.8324549237170596,0.084484512,128,layer_24/width_16k/standard,FALSE
54_cs_tf,24,0.95,logreg,0.5790915792922673,0.5840309633027523,0.004939384,16,layer_24/width_16k/matryoshka_batch_topk_32,TRUE
56_wikidatasex_or_gender,24,0.95,logreg,0.983412516,0.9864023591087812,0.002989843,128,layer_24/width_16k/standard_new,TRUE
57_wikidatais_alive,24,0.95,logreg,0.947346003,0.9050868283093053,0.042259174,128,layer_24/width_16k/jumprelu_32,FALSE
58_wikidatapolitical_party,24,0.95,logreg,0.8522039149415577,0.7920715392198282,0.060132376,128,layer_24/width_16k/standard_new,FALSE
59_wikidata_occupation_isjournalist,24,0.95,logreg,0.7557894736842106,0.9136842105263158,0.157894737,128,layer_24/width_16k/jumprelu_32,TRUE
60_wikidata_occupation_isathlete,24,0.95,logreg,0.9221052631578948,0.9600000000000001,0.037894737,128,layer_24/width_16k/standard_new,TRUE
61_wikidata_occupation_isactor,24,0.95,logreg,0.9452631578947368,0.9747368421052631,0.029473684,128,layer_24/width_16k/gated,TRUE
62_wikidata_occupation_ispolitician,24,0.95,logreg,0.8294736842105263,0.9473684210526315,0.117894737,128,layer_24/width_16k/topk_32,TRUE
63_wikidata_occupation_issinger,24,0.95,logreg,0.7747368421052632,0.92,0.145263158,128,layer_24/width_16k/matryoshka_batch_topk_32,TRUE
64_wikidata_occupation_isresearcher,24,0.95,logreg,0.9515789473684212,0.9557894736842105,0.004210526,128,layer_24/width_16k/jumprelu_32,TRUE
,,,,,,0.028936058,,,