dataset,layer,num_train,method,baseline_test_auc,sae_best_test_auc,diff,sae_best_k,sae_best_sae_id,sae_better
5_hist_fig_ismale,24,2,logreg,0.4805973630444972,0.576932134,0.096334771,16,layer_24/width_16k/standard_new,TRUE
6_hist_fig_isamerican,24,2,logreg,0.818858528,0.8246500361553749,0.005791508,16,layer_24/width_16k/matryoshka_batch_topk_32,TRUE
7_hist_fig_ispolitician,24,2,logreg,0.5690723046624575,0.5879852341256759,0.018912929,16,layer_24/width_16k/p_anneal,TRUE
21_headline_istrump,24,2,logreg,0.8427406190658808,0.8219446305343595,0.020795989,128,layer_24/width_16k/jumprelu_32,FALSE
22_headline_isobama,24,2,logreg,0.7755869548032359,0.7640718370023802,0.011515118,128,layer_24/width_16k/jumprelu_32,FALSE
23_headline_ischina,24,2,logreg,0.5607970185619164,0.6140218725588662,0.053224854,128,layer_24/width_16k/standard_new,TRUE
24_headline_isiran,24,2,logreg,0.770331306,0.7323482554696428,0.037983051,128,layer_24/width_16k/jumprelu_32,FALSE
26_headline_isfrontpage,24,2,logreg,0.4348448746992792,0.545212641,0.110367766,16,layer_24/width_16k/topk_32,TRUE
36_sciq_tf,24,2,logreg,0.6444582636897833,0.6528568192689407,0.008398556,16,layer_24/width_16k/topk_32,TRUE
41_truthqa_tf,24,2,logreg,0.5984459000991701,0.6262396262852967,0.027793726,16,layer_24/width_16k/standard_new,TRUE
42_temp_sense,24,2,logreg,0.5558161221527558,0.5827190827190827,0.026902961,128,layer_24/width_16k/jumprelu_32,TRUE
44_phys_tf,24,2,logreg,0.5447355883906806,0.572854923,0.028119334,16,layer_24/width_16k/standard_new,TRUE
47_reasoning_tf,24,2,logreg,0.5011637770798792,0.5193258697165348,0.018162093,16,layer_24/width_16k/standard_new,TRUE
48_cm_correct,24,2,logreg,0.5745668964142903,0.5723493560754966,0.00221754,16,layer_24/width_16k/matryoshka_batch_topk_32,FALSE
49_cm_isshort,24,2,logreg,0.9956499813696496,0.9848514265594147,0.010798555,128,layer_24/width_16k/jumprelu_32,FALSE
50_deon_isvalid,24,2,logreg,0.6089479827159046,0.6317358008055103,0.022787818,128,layer_24/width_16k/standard,TRUE
51_just_is,24,2,logreg,0.5379756386141326,0.5786663744761315,0.040690736,16,layer_24/width_16k/p_anneal,TRUE
52_virtue_is,24,2,logreg,0.5244814490413876,0.6123914202653331,0.087909971,16,layer_24/width_16k/standard_new,TRUE
54_cs_tf,24,2,logreg,0.5144309124770805,0.5298976275858622,0.015466715,128,layer_24/width_16k/standard_new,TRUE
56_wikidatasex_or_gender,24,2,logreg,0.6845880065396857,0.6713673459776224,0.013220661,128,layer_24/width_16k/standard_new,FALSE
57_wikidatais_alive,24,2,logreg,0.7112356551908192,0.6598535330865732,0.051382122,128,layer_24/width_16k/p_anneal,FALSE
58_wikidatapolitical_party,24,2,logreg,0.5161834636531163,0.5594530755260961,0.043269612,16,layer_24/width_16k/gated,TRUE
59_wikidata_occupation_isjournalist,24,2,logreg,0.5028064136280569,0.518566663,0.015760249,16,layer_24/width_16k/standard,TRUE
60_wikidata_occupation_isathlete,24,2,logreg,0.59021346,0.7216575292727596,0.131444069,16,layer_24/width_16k/matryoshka_batch_topk_32,TRUE
61_wikidata_occupation_isactor,24,2,logreg,0.6973807474809479,0.7590696909334183,0.061688943,16,layer_24/width_16k/batch_topk_32,TRUE
62_wikidata_occupation_ispolitician,24,2,logreg,0.6062575601653758,0.6663607495270822,0.060103189,16,layer_24/width_16k/topk_32,TRUE
63_wikidata_occupation_issinger,24,2,logreg,0.6545513449321064,0.7728580283690505,0.118306683,16,layer_24/width_16k/batch_topk_32,TRUE
64_wikidata_occupation_isresearcher,24,2,logreg,0.8519836818589146,0.820396005,0.031587677,128,layer_24/width_16k/jumprelu_32,FALSE
5_hist_fig_ismale,24,3,logreg,0.6614192875517387,0.6485268278674181,0.01289246,128,layer_24/width_16k/standard_new,FALSE
6_hist_fig_isamerican,24,3,logreg,0.8679975205144098,0.8234724689279045,0.044525052,16,layer_24/width_16k/matryoshka_batch_topk_32,FALSE
7_hist_fig_ispolitician,24,3,logreg,0.5940539461192653,0.5904071535851579,0.003646793,16,layer_24/width_16k/matryoshka_batch_topk_32,FALSE
21_headline_istrump,24,3,logreg,0.7734283503664421,0.7664031946133367,0.007025156,128,layer_24/width_16k/jumprelu_32,FALSE
22_headline_isobama,24,3,logreg,0.7178839648470707,0.7320556490335289,0.014171684,128,layer_24/width_16k/p_anneal,TRUE
23_headline_ischina,24,3,logreg,0.542539586,0.6760565510997534,0.133516965,128,layer_24/width_16k/standard,TRUE
24_headline_isiran,24,3,logreg,0.7177424070299709,0.7686712720104247,0.050928865,16,layer_24/width_16k/matryoshka_batch_topk_32,TRUE
26_headline_isfrontpage,24,3,logreg,0.4319917102617242,0.6027004149356314,0.170708705,128,layer_24/width_16k/standard_new,TRUE
36_sciq_tf,24,3,logreg,0.6017954475670209,0.5744459458679835,0.027349502,16,layer_24/width_16k/standard,FALSE
41_truthqa_tf,24,3,logreg,0.5982496189847004,0.624714647,0.026465028,128,layer_24/width_16k/standard_new,TRUE
42_temp_sense,24,3,logreg,0.6506127749370993,0.6487257527798069,0.001887022,128,layer_24/width_16k/jumprelu_32,FALSE
44_phys_tf,24,3,logreg,0.5748170994762183,0.5763015536528502,0.001484454,128,layer_24/width_16k/jumprelu_32,TRUE
47_reasoning_tf,24,3,logreg,0.5048407145490794,0.5174309880798094,0.012590274,128,layer_24/width_16k/standard,TRUE
48_cm_correct,24,3,logreg,0.492410101,0.5724917003258332,0.080081599,128,layer_24/width_16k/matryoshka_batch_topk_32,TRUE
49_cm_isshort,24,3,logreg,0.9970360595922694,0.9908857430219596,0.006150317,128,layer_24/width_16k/p_anneal,FALSE
50_deon_isvalid,24,3,logreg,0.6286726739277732,0.6311869351365801,0.002514261,128,layer_24/width_16k/p_anneal,TRUE
51_just_is,24,3,logreg,0.5836882476357387,0.5669010789095648,0.016787169,128,layer_24/width_16k/gated,FALSE
52_virtue_is,24,3,logreg,0.5769260956804462,0.6253315332115429,0.048405438,16,layer_24/width_16k/topk_32,TRUE
54_cs_tf,24,3,logreg,0.5156072015338452,0.5433688824558446,0.027761681,16,layer_24/width_16k/topk_32,TRUE
56_wikidatasex_or_gender,24,3,logreg,0.650555192,0.6307510379801038,0.019804154,128,layer_24/width_16k/jumprelu_32,FALSE
57_wikidatais_alive,24,3,logreg,0.8318196590899621,0.7268974507067625,0.104922208,128,layer_24/width_16k/jumprelu_32,FALSE
58_wikidatapolitical_party,24,3,logreg,0.5172655663715394,0.533458942,0.016193376,128,layer_24/width_16k/standard,TRUE
59_wikidata_occupation_isjournalist,24,3,logreg,0.4694017293103241,0.5849584941425938,0.115556765,16,layer_24/width_16k/topk_32,TRUE
60_wikidata_occupation_isathlete,24,3,logreg,0.6803647374910141,0.6636208288320128,0.016743909,16,layer_24/width_16k/standard,FALSE
61_wikidata_occupation_isactor,24,3,logreg,0.7583523760948752,0.841848527,0.083496151,16,layer_24/width_16k/topk_32,TRUE
62_wikidata_occupation_ispolitician,24,3,logreg,0.6574682430994253,0.678559524,0.021091281,16,layer_24/width_16k/topk_32,TRUE
63_wikidata_occupation_issinger,24,3,logreg,0.6073780828189445,0.7630436223147699,0.155665539,16,layer_24/width_16k/topk_32,TRUE
64_wikidata_occupation_isresearcher,24,3,logreg,0.8620321929065201,0.8085550829914561,0.05347711,128,layer_24/width_16k/jumprelu_32,FALSE
5_hist_fig_ismale,24,4,logreg,0.6064855087914947,0.8212373663448179,0.214751858,16,layer_24/width_16k/topk_32,TRUE
6_hist_fig_isamerican,24,4,logreg,0.917682324,0.905016685,0.012665639,128,layer_24/width_16k/topk_32,FALSE
7_hist_fig_ispolitician,24,4,logreg,0.5637213014304114,0.6124625771903065,0.048741276,16,layer_24/width_16k/matryoshka_batch_topk_32,TRUE
21_headline_istrump,24,4,logreg,0.763424516,0.7977771885109209,0.034352672,16,layer_24/width_16k/batch_topk_32,TRUE
22_headline_isobama,24,4,logreg,0.6089647076087754,0.7347934551324382,0.125828748,128,layer_24/width_16k/jumprelu_32,TRUE
23_headline_ischina,24,4,logreg,0.51420896,0.6421839650886182,0.127975005,16,layer_24/width_16k/standard,TRUE
24_headline_isiran,24,4,logreg,0.6952958349715165,0.7876935496013987,0.092397715,16,layer_24/width_16k/batch_topk_32,TRUE
26_headline_isfrontpage,24,4,logreg,0.5055838022440379,0.6167415309901104,0.111157729,128,layer_24/width_16k/batch_topk_32,TRUE
36_sciq_tf,24,4,logreg,0.4981870959322524,0.6832038317878973,0.185016736,128,layer_24/width_16k/standard_new,TRUE
41_truthqa_tf,24,4,logreg,0.6129123221194832,0.6441930618401206,0.03128074,128,layer_24/width_16k/jumprelu_32,TRUE
42_temp_sense,24,4,logreg,0.5402968342553554,0.682570126,0.142273292,128,layer_24/width_16k/jumprelu_32,TRUE
44_phys_tf,24,4,logreg,0.5179255939793885,0.5746771225550724,0.056751529,128,layer_24/width_16k/gated,TRUE
47_reasoning_tf,24,4,logreg,0.5025083270270718,0.5126725476007667,0.010164221,128,layer_24/width_16k/gated,TRUE
48_cm_correct,24,4,logreg,0.5703013351810804,0.5814208435230362,0.011119508,16,layer_24/width_16k/p_anneal,TRUE
49_cm_isshort,24,4,logreg,0.9991358725747116,0.9985659332431905,0.000569939,128,layer_24/width_16k/batch_topk_32,FALSE
50_deon_isvalid,24,4,logreg,0.5947909308624313,0.6099049844601352,0.015114054,128,layer_24/width_16k/p_anneal,TRUE
51_just_is,24,4,logreg,0.4443251838154544,0.5775277811356013,0.133202597,128,layer_24/width_16k/gated,TRUE
52_virtue_is,24,4,logreg,0.6177939216749517,0.606635973,0.011157948,128,layer_24/width_16k/topk_32,FALSE
54_cs_tf,24,4,logreg,0.4924872216555783,0.5169073985660294,0.024420177,128,layer_24/width_16k/p_anneal,TRUE
56_wikidatasex_or_gender,24,4,logreg,0.3962453903851956,0.5747600082468858,0.178514618,16,layer_24/width_16k/standard,TRUE
57_wikidatais_alive,24,4,logreg,0.8451623132707207,0.7878108654324341,0.057351448,128,layer_24/width_16k/standard,FALSE
58_wikidatapolitical_party,24,4,logreg,0.5185484453553302,0.5572618311835063,0.038713386,16,layer_24/width_16k/gated,TRUE
59_wikidata_occupation_isjournalist,24,4,logreg,0.4621318866418896,0.567760395,0.105628509,16,layer_24/width_16k/jumprelu_32,TRUE
60_wikidata_occupation_isathlete,24,4,logreg,0.6926521046104245,0.7636677567773461,0.071015652,128,layer_24/width_16k/gated,TRUE
61_wikidata_occupation_isactor,24,4,logreg,0.7854033041006789,0.8332864324436234,0.047883128,128,layer_24/width_16k/topk_32,TRUE
62_wikidata_occupation_ispolitician,24,4,logreg,0.5827844254205503,0.6103641586080888,0.027579733,16,layer_24/width_16k/jumprelu_32,TRUE
63_wikidata_occupation_issinger,24,4,logreg,0.7940072723179559,0.8296422333131659,0.035634961,16,layer_24/width_16k/matryoshka_batch_topk_32,TRUE
64_wikidata_occupation_isresearcher,24,4,logreg,0.8521432623133711,0.8126919140225178,0.039451348,128,layer_24/width_16k/matryoshka_batch_topk_32,FALSE
5_hist_fig_ismale,24,5,logreg,0.5484409084253126,0.6241238785701833,0.07568297,128,layer_24/width_16k/standard,TRUE
6_hist_fig_isamerican,24,5,logreg,0.8925440203855358,0.884586373,0.007957647,128,layer_24/width_16k/topk_32,FALSE
7_hist_fig_ispolitician,24,5,logreg,0.6041215016690433,0.6209051181802625,0.016783617,16,layer_24/width_16k/standard_new,TRUE
21_headline_istrump,24,5,logreg,0.80763043,0.7950545059357572,0.012575924,128,layer_24/width_16k/standard_new,FALSE
22_headline_isobama,24,5,logreg,0.5855280073461891,0.764309275,0.178781267,16,layer_24/width_16k/standard,TRUE
23_headline_ischina,24,5,logreg,0.5348557860511548,0.6835246700782296,0.148668884,128,layer_24/width_16k/standard_new,TRUE
24_headline_isiran,24,5,logreg,0.5626695093626762,0.7566322010718751,0.193962692,16,layer_24/width_16k/batch_topk_32,TRUE
26_headline_isfrontpage,24,5,logreg,0.4995314361214234,0.5569079371016145,0.057376501,16,layer_24/width_16k/standard_new,TRUE
36_sciq_tf,24,5,logreg,0.6903803988093682,0.6665736970066923,0.023806702,128,layer_24/width_16k/gated,FALSE
41_truthqa_tf,24,5,logreg,0.6215581854043392,0.624930966,0.003372781,128,layer_24/width_16k/standard_new,TRUE
42_temp_sense,24,5,logreg,0.5381748315487433,0.6861671982899159,0.147992367,128,layer_24/width_16k/standard_new,TRUE
44_phys_tf,24,5,logreg,0.6018347367261218,0.6036903876161205,0.001855651,16,layer_24/width_16k/jumprelu_32,TRUE
47_reasoning_tf,24,5,logreg,0.4979157280855709,0.5080985613797487,0.010182833,128,layer_24/width_16k/standard,TRUE
48_cm_correct,24,5,logreg,0.594941403,0.5825943474981352,0.012347055,128,layer_24/width_16k/p_anneal,FALSE
49_cm_isshort,24,5,logreg,0.999646512,0.9985498016121548,0.001096711,128,layer_24/width_16k/standard,FALSE
50_deon_isvalid,24,5,logreg,0.6118002395826534,0.6353435897205602,0.02354335,16,layer_24/width_16k/standard_new,TRUE
51_just_is,24,5,logreg,0.4527502686844558,0.5857672378660561,0.133016969,16,layer_24/width_16k/gated,TRUE
52_virtue_is,24,5,logreg,0.5382804743556953,0.6791900778033547,0.140909603,16,layer_24/width_16k/jumprelu_32,TRUE
54_cs_tf,24,5,logreg,0.5011348018904223,0.542718864,0.041584062,128,layer_24/width_16k/gated,TRUE
56_wikidatasex_or_gender,24,5,logreg,0.3989777721251084,0.6238242799649527,0.224846508,128,layer_24/width_16k/standard_new,TRUE
57_wikidatais_alive,24,5,logreg,0.8350220504894219,0.8141853524188979,0.020836698,16,layer_24/width_16k/matryoshka_batch_topk_32,FALSE
58_wikidatapolitical_party,24,5,logreg,0.5459763883143709,0.6035790128464456,0.057602625,128,layer_24/width_16k/p_anneal,TRUE
59_wikidata_occupation_isjournalist,24,5,logreg,0.4626225718278204,0.5899171939087071,0.127294622,16,layer_24/width_16k/standard,TRUE
60_wikidata_occupation_isathlete,24,5,logreg,0.729979306,0.8023720107162007,0.072392705,128,layer_24/width_16k/gated,TRUE
61_wikidata_occupation_isactor,24,5,logreg,0.5506539679218196,0.7737535575633621,0.22309959,16,layer_24/width_16k/topk_32,TRUE
62_wikidata_occupation_ispolitician,24,5,logreg,0.6454016009915403,0.6788776560373195,0.033476055,128,layer_24/width_16k/topk_32,TRUE
63_wikidata_occupation_issinger,24,5,logreg,0.7849526513341428,0.8410607952241881,0.056108144,128,layer_24/width_16k/topk_32,TRUE
64_wikidata_occupation_isresearcher,24,5,logreg,0.6769118591472864,0.7202630826302815,0.043351223,128,layer_24/width_16k/jumprelu_32,TRUE
5_hist_fig_ismale,24,7,logreg,0.6682372886361768,0.7890207665598291,0.120783478,128,layer_24/width_16k/topk_32,TRUE
6_hist_fig_isamerican,24,7,logreg,0.9082726272292078,0.9405431703546187,0.032270543,16,layer_24/width_16k/topk_32,TRUE
7_hist_fig_ispolitician,24,7,logreg,0.6318914750780737,0.6419543705826758,0.010062896,128,layer_24/width_16k/matryoshka_batch_topk_32,TRUE
21_headline_istrump,24,7,logreg,0.8708648581319856,0.8231837606837608,0.047681097,128,layer_24/width_16k/batch_topk_32,FALSE
22_headline_isobama,24,7,logreg,0.6311828400414743,0.7718991540201715,0.140716314,128,layer_24/width_16k/jumprelu_32,TRUE
23_headline_ischina,24,7,logreg,0.562026589,0.7130027757487216,0.150976187,128,layer_24/width_16k/p_anneal,TRUE
24_headline_isiran,24,7,logreg,0.5821949170342364,0.6785696282293635,0.096374711,16,layer_24/width_16k/matryoshka_batch_topk_32,TRUE
26_headline_isfrontpage,24,7,logreg,0.5510926456689679,0.5547834869123932,0.003690841,16,layer_24/width_16k/topk_32,TRUE
36_sciq_tf,24,7,logreg,0.688290688,0.6606148363021861,0.027675852,128,layer_24/width_16k/gated,FALSE
41_truthqa_tf,24,7,logreg,0.6068886671380707,0.6344591960137721,0.027570529,128,layer_24/width_16k/standard_new,TRUE
42_temp_sense,24,7,logreg,0.7012366575870922,0.7031948481017607,0.001958191,128,layer_24/width_16k/standard_new,TRUE
44_phys_tf,24,7,logreg,0.6110902443910257,0.6263704619699211,0.015280218,128,layer_24/width_16k/standard,TRUE
47_reasoning_tf,24,7,logreg,0.4954061702806122,0.5221974206349206,0.02679125,16,layer_24/width_16k/standard,TRUE
48_cm_correct,24,7,logreg,0.5295117219602646,0.6309025530592538,0.101390831,16,layer_24/width_16k/topk_32,TRUE
49_cm_isshort,24,7,logreg,0.9998109154133794,0.9993537737302762,0.000457142,128,layer_24/width_16k/batch_topk_32,FALSE
50_deon_isvalid,24,7,logreg,0.6335643439760026,0.6617556038379355,0.02819126,128,layer_24/width_16k/standard_new,TRUE
51_just_is,24,7,logreg,0.4624204817451512,0.6073647322896121,0.144944251,16,layer_24/width_16k/jumprelu_32,TRUE
52_virtue_is,24,7,logreg,0.6299103325161308,0.6299013869275016,8.94559E-06,16,layer_24/width_16k/batch_topk_32,FALSE
54_cs_tf,24,7,logreg,0.514067219,0.5172262799967128,0.003159061,128,layer_24/width_16k/jumprelu_32,TRUE
56_wikidatasex_or_gender,24,7,logreg,0.405249361,0.6184366139669626,0.213187253,128,layer_24/width_16k/standard_new,TRUE
57_wikidatais_alive,24,7,logreg,0.8390750521346976,0.791197647,0.047877405,128,layer_24/width_16k/standard,FALSE
58_wikidatapolitical_party,24,7,logreg,0.5547739605078784,0.6036292859389745,0.048855325,128,layer_24/width_16k/p_anneal,TRUE
59_wikidata_occupation_isjournalist,24,7,logreg,0.4859730084998629,0.6091464250576604,0.123173417,16,layer_24/width_16k/matryoshka_batch_topk_32,TRUE
60_wikidata_occupation_isathlete,24,7,logreg,0.6360744181545459,0.7523628651150788,0.116288447,16,layer_24/width_16k/matryoshka_batch_topk_32,TRUE
61_wikidata_occupation_isactor,24,7,logreg,0.79545088,0.87713807,0.081687191,128,layer_24/width_16k/topk_32,TRUE
62_wikidata_occupation_ispolitician,24,7,logreg,0.6316773116562636,0.7174561700617732,0.085778858,128,layer_24/width_16k/standard_new,TRUE
63_wikidata_occupation_issinger,24,7,logreg,0.7915073950420155,0.8589811051434655,0.06747371,128,layer_24/width_16k/matryoshka_batch_topk_32,TRUE
64_wikidata_occupation_isresearcher,24,7,logreg,0.6538333949207202,0.7571469363074443,0.103313541,128,layer_24/width_16k/jumprelu_32,TRUE
5_hist_fig_ismale,24,10,logreg,0.6667797503587769,0.6163332278028391,0.050446523,128,layer_24/width_16k/jumprelu_32,FALSE
6_hist_fig_isamerican,24,10,logreg,0.9362802589943318,0.9317277698942391,0.004552489,128,layer_24/width_16k/topk_32,FALSE
7_hist_fig_ispolitician,24,10,logreg,0.6001669738836133,0.6250637602390025,0.024896786,16,layer_24/width_16k/matryoshka_batch_topk_32,TRUE
21_headline_istrump,24,10,logreg,0.8443298786827865,0.8358285134824582,0.008501365,128,layer_24/width_16k/standard_new,FALSE
22_headline_isobama,24,10,logreg,0.6676481805039423,0.8015124773468381,0.133864297,128,layer_24/width_16k/p_anneal,TRUE
23_headline_ischina,24,10,logreg,0.7412821919864174,0.7738212491733619,0.032539057,128,layer_24/width_16k/standard,TRUE
24_headline_isiran,24,10,logreg,0.6928804384514127,0.7569742127113781,0.064093774,16,layer_24/width_16k/batch_topk_32,TRUE
26_headline_isfrontpage,24,10,logreg,0.5823232672241034,0.6164815597514194,0.034158293,128,layer_24/width_16k/standard,TRUE
36_sciq_tf,24,10,logreg,0.7469138758672116,0.716021136,0.03089274,128,layer_24/width_16k/jumprelu_32,FALSE
41_truthqa_tf,24,10,logreg,0.6472335437811343,0.674944724,0.02771118,128,layer_24/width_16k/standard_new,TRUE
42_temp_sense,24,10,logreg,0.5822515277594005,0.6902368782578724,0.10798535,128,layer_24/width_16k/standard_new,TRUE
44_phys_tf,24,10,logreg,0.5523237332724791,0.6286536183835192,0.076329885,128,layer_24/width_16k/standard,TRUE
47_reasoning_tf,24,10,logreg,0.4906286723786083,0.5072118719018857,0.0165832,16,layer_24/width_16k/p_anneal,TRUE
48_cm_correct,24,10,logreg,0.6607334958610083,0.6667779022359073,0.006044406,16,layer_24/width_16k/topk_32,TRUE
49_cm_isshort,24,10,logreg,0.9999326640450106,0.9997176389667868,0.000215025,128,layer_24/width_16k/jumprelu_32,FALSE
50_deon_isvalid,24,10,logreg,0.6625221573861437,0.6471894872342921,0.01533267,128,layer_24/width_16k/standard_new,FALSE
51_just_is,24,10,logreg,0.5998299726959935,0.5991959861985399,0.000633986,16,layer_24/width_16k/standard_new,FALSE
52_virtue_is,24,10,logreg,0.6703094722591113,0.7008543342824023,0.030544862,128,layer_24/width_16k/standard_new,TRUE
54_cs_tf,24,10,logreg,0.5158869463064059,0.5265038497202905,0.010616903,128,layer_24/width_16k/standard,TRUE
56_wikidatasex_or_gender,24,10,logreg,0.7288265384015826,0.8325872273817885,0.103760689,128,layer_24/width_16k/topk_32,TRUE
57_wikidatais_alive,24,10,logreg,0.8575521532238495,0.7990932948495226,0.058458858,128,layer_24/width_16k/standard_new,FALSE
58_wikidatapolitical_party,24,10,logreg,0.5764856527559513,0.6027060303644902,0.026220378,128,layer_24/width_16k/standard,TRUE
59_wikidata_occupation_isjournalist,24,10,logreg,0.6530297362061819,0.6576322255138872,0.004602489,16,layer_24/width_16k/batch_topk_32,TRUE
60_wikidata_occupation_isathlete,24,10,logreg,0.6799642073546809,0.722021577,0.042057369,16,layer_24/width_16k/matryoshka_batch_topk_32,TRUE
61_wikidata_occupation_isactor,24,10,logreg,0.8321779925785872,0.8780795324712091,0.04590154,16,layer_24/width_16k/topk_32,TRUE
62_wikidata_occupation_ispolitician,24,10,logreg,0.7050979242287899,0.7767206252590922,0.071622701,128,layer_24/width_16k/standard_new,TRUE
63_wikidata_occupation_issinger,24,10,logreg,0.8108025034629891,0.8394037592388501,0.028601256,128,layer_24/width_16k/matryoshka_batch_topk_32,TRUE
64_wikidata_occupation_isresearcher,24,10,logreg,0.7459284999736745,0.7280956141736429,0.017832886,128,layer_24/width_16k/jumprelu_32,FALSE
5_hist_fig_ismale,24,14,logreg,0.8892066325035943,0.8609111933960838,0.028295439,128,layer_24/width_16k/standard_new,FALSE
6_hist_fig_isamerican,24,14,logreg,0.9331244660007894,0.92582087,0.007303596,128,layer_24/width_16k/topk_32,FALSE
7_hist_fig_ispolitician,24,14,logreg,0.6142045238706904,0.6482397905145644,0.034035267,128,layer_24/width_16k/standard_new,TRUE
21_headline_istrump,24,14,logreg,0.8484570601858559,0.8424786834919477,0.005978377,128,layer_24/width_16k/standard_new,FALSE
22_headline_isobama,24,14,logreg,0.6883529901072457,0.8321172870681203,0.143764297,128,layer_24/width_16k/standard,TRUE
23_headline_ischina,24,14,logreg,0.6895551143362515,0.7361704833706642,0.046615369,128,layer_24/width_16k/p_anneal,TRUE
24_headline_isiran,24,14,logreg,0.7413374582521718,0.8478617897564515,0.106524332,128,layer_24/width_16k/batch_topk_32,TRUE
26_headline_isfrontpage,24,14,logreg,0.556912002,0.589607723,0.032695721,128,layer_24/width_16k/p_anneal,TRUE
36_sciq_tf,24,14,logreg,0.7487032712461666,0.6948692293477918,0.053834042,128,layer_24/width_16k/standard_new,FALSE
41_truthqa_tf,24,14,logreg,0.6703384698203352,0.6776731040979745,0.007334634,128,layer_24/width_16k/standard_new,TRUE
42_temp_sense,24,14,logreg,0.6845088202505083,0.6995909567840515,0.015082137,128,layer_24/width_16k/matryoshka_batch_topk_32,TRUE
44_phys_tf,24,14,logreg,0.5893171828149315,0.5907666667310524,0.001449484,128,layer_24/width_16k/p_anneal,TRUE
47_reasoning_tf,24,14,logreg,0.4976721537725244,0.5099691698109008,0.012297016,128,layer_24/width_16k/gated,TRUE
48_cm_correct,24,14,logreg,0.6367665740155903,0.6530832076201809,0.016316634,128,layer_24/width_16k/batch_topk_32,TRUE
49_cm_isshort,24,14,logreg,0.9999595979497006,0.9998779890273826,8.16089E-05,128,layer_24/width_16k/jumprelu_32,FALSE
50_deon_isvalid,24,14,logreg,0.6586625537057533,0.6766073416481074,0.017944788,128,layer_24/width_16k/standard_new,TRUE
51_just_is,24,14,logreg,0.6483099709684709,0.6272232395168752,0.021086731,128,layer_24/width_16k/topk_32,FALSE
52_virtue_is,24,14,logreg,0.683352266,0.6727605806431132,0.010591685,16,layer_24/width_16k/standard_new,FALSE
54_cs_tf,24,14,logreg,0.5067611462979167,0.5590350412937928,0.052273895,16,layer_24/width_16k/topk_32,TRUE
56_wikidatasex_or_gender,24,14,logreg,0.7825149584164715,0.8911584861367849,0.108643528,16,layer_24/width_16k/topk_32,TRUE
57_wikidatais_alive,24,14,logreg,0.8882575867324174,0.82986753,0.058390057,16,layer_24/width_16k/batch_topk_32,FALSE
58_wikidatapolitical_party,24,14,logreg,0.5683457565152122,0.6165546455397755,0.048208889,128,layer_24/width_16k/standard,TRUE
59_wikidata_occupation_isjournalist,24,14,logreg,0.6760366923301822,0.6738967124711692,0.00213998,16,layer_24/width_16k/topk_32,FALSE
60_wikidata_occupation_isathlete,24,14,logreg,0.7220198648604749,0.7580005603742326,0.035980696,16,layer_24/width_16k/matryoshka_batch_topk_32,TRUE
61_wikidata_occupation_isactor,24,14,logreg,0.7889805249650782,0.8859628285092421,0.096982304,128,layer_24/width_16k/topk_32,TRUE
62_wikidata_occupation_ispolitician,24,14,logreg,0.8030913978494624,0.8107072085241853,0.007615811,128,layer_24/width_16k/matryoshka_batch_topk_32,TRUE
63_wikidata_occupation_issinger,24,14,logreg,0.835231703,0.8146318584933242,0.020599844,128,layer_24/width_16k/standard_new,FALSE
64_wikidata_occupation_isresearcher,24,14,logreg,0.8409653229797115,0.8479121464732976,0.006946823,16,layer_24/width_16k/matryoshka_batch_topk_32,TRUE
5_hist_fig_ismale,24,20,logreg,0.9168697288148172,0.9069796260171259,0.009890103,128,layer_24/width_16k/standard_new,FALSE
6_hist_fig_isamerican,24,20,logreg,0.9536735935304091,0.9470178020236832,0.006655792,128,layer_24/width_16k/jumprelu_32,FALSE
7_hist_fig_ispolitician,24,20,logreg,0.6114279536789182,0.6356424492667335,0.024214496,128,layer_24/width_16k/standard,TRUE
21_headline_istrump,24,20,logreg,0.8242466854158297,0.8210539223991183,0.003192763,128,layer_24/width_16k/standard_new,FALSE
22_headline_isobama,24,20,logreg,0.8324562401055804,0.8271809620144066,0.005275278,128,layer_24/width_16k/standard_new,FALSE
23_headline_ischina,24,20,logreg,0.7932428684204911,0.7784368250987979,0.014806043,128,layer_24/width_16k/p_anneal,FALSE
24_headline_isiran,24,20,logreg,0.6980148639045147,0.8067628196895362,0.108747956,128,layer_24/width_16k/batch_topk_32,TRUE
26_headline_isfrontpage,24,20,logreg,0.5864184742182874,0.6465121232216935,0.060093649,128,layer_24/width_16k/standard,TRUE
36_sciq_tf,24,20,logreg,0.7832988845700196,0.7292338498227543,0.054065035,128,layer_24/width_16k/jumprelu_32,FALSE
41_truthqa_tf,24,20,logreg,0.671052452,0.6817970554864462,0.010744604,128,layer_24/width_16k/p_anneal,TRUE
42_temp_sense,24,20,logreg,0.6989207963062782,0.6648929944894181,0.034027802,128,layer_24/width_16k/standard_new,FALSE
44_phys_tf,24,20,logreg,0.6230225845124169,0.6021050049938605,0.02091758,128,layer_24/width_16k/standard,FALSE
47_reasoning_tf,24,20,logreg,0.5202361107850273,0.5293324523479713,0.009096342,16,layer_24/width_16k/gated,TRUE
48_cm_correct,24,20,logreg,0.6684896274531634,0.6795429205774485,0.011053293,128,layer_24/width_16k/batch_topk_32,TRUE
49_cm_isshort,24,20,logreg,0.9999783787621356,0.9999420744448262,3.63043E-05,128,layer_24/width_16k/jumprelu_32,FALSE
50_deon_isvalid,24,20,logreg,0.6506170927179994,0.6809326498440528,0.030315557,128,layer_24/width_16k/standard_new,TRUE
51_just_is,24,20,logreg,0.7106865388431992,0.663196619,0.04748992,128,layer_24/width_16k/standard_new,FALSE
52_virtue_is,24,20,logreg,0.7092136805947122,0.6941729134740782,0.015040767,128,layer_24/width_16k/standard_new,FALSE
54_cs_tf,24,20,logreg,0.5352069588115418,0.5548530804616618,0.019646122,16,layer_24/width_16k/topk_32,TRUE
56_wikidatasex_or_gender,24,20,logreg,0.8422985634785022,0.8677006136236387,0.02540205,128,layer_24/width_16k/topk_32,TRUE
57_wikidatais_alive,24,20,logreg,0.9096277435979352,0.856454343,0.053173401,128,layer_24/width_16k/standard_new,FALSE
58_wikidatapolitical_party,24,20,logreg,0.5698085738367716,0.6161425396982796,0.046333966,128,layer_24/width_16k/p_anneal,TRUE
59_wikidata_occupation_isjournalist,24,20,logreg,0.6965090745677196,0.6901328757749384,0.006376199,128,layer_24/width_16k/standard_new,FALSE
60_wikidata_occupation_isathlete,24,20,logreg,0.778470243,0.7954856961934819,0.017015453,16,layer_24/width_16k/matryoshka_batch_topk_32,TRUE
61_wikidata_occupation_isactor,24,20,logreg,0.8429859770608001,0.8893331699196209,0.046347193,128,layer_24/width_16k/topk_32,TRUE
62_wikidata_occupation_ispolitician,24,20,logreg,0.8148951598901042,0.7699860077008713,0.044909152,128,layer_24/width_16k/jumprelu_32,FALSE
63_wikidata_occupation_issinger,24,20,logreg,0.8459355945705794,0.8205104635842755,0.025425131,16,layer_24/width_16k/matryoshka_batch_topk_32,FALSE
64_wikidata_occupation_isresearcher,24,20,logreg,0.8735884587150108,0.8207749513261626,0.052813507,128,layer_24/width_16k/jumprelu_32,FALSE
5_hist_fig_ismale,24,28,logreg,0.919665863,0.8866575154871303,0.033008348,128,layer_24/width_16k/standard_new,FALSE
6_hist_fig_isamerican,24,28,logreg,0.9603361116012245,0.9456578570376402,0.014678255,128,layer_24/width_16k/jumprelu_32,FALSE
7_hist_fig_ispolitician,24,28,logreg,0.583868618,0.6244822110458407,0.040613593,128,layer_24/width_16k/p_anneal,TRUE
21_headline_istrump,24,28,logreg,0.8763726364623783,0.8565884445854531,0.019784192,128,layer_24/width_16k/standard_new,FALSE
22_headline_isobama,24,28,logreg,0.8907888096079979,0.8727345258710573,0.018054284,128,layer_24/width_16k/standard_new,FALSE
23_headline_ischina,24,28,logreg,0.8345153113080077,0.8582881945689995,0.023772883,128,layer_24/width_16k/standard_new,TRUE
24_headline_isiran,24,28,logreg,0.8957225158104479,0.8749805076669844,0.020742008,128,layer_24/width_16k/standard,FALSE
26_headline_isfrontpage,24,28,logreg,0.5999545138894509,0.6154307987911378,0.015476285,128,layer_24/width_16k/standard_new,TRUE
36_sciq_tf,24,28,logreg,0.7713594519652104,0.7982998554480543,0.026940403,128,layer_24/width_16k/standard_new,TRUE
41_truthqa_tf,24,28,logreg,0.6818277002973573,0.6730814870656558,0.008746213,128,layer_24/width_16k/standard,FALSE
42_temp_sense,24,28,logreg,0.7058478745643442,0.6793482141226361,0.02649966,128,layer_24/width_16k/standard,FALSE
44_phys_tf,24,28,logreg,0.6410640836167448,0.6366631000807743,0.004400984,128,layer_24/width_16k/standard_new,FALSE
47_reasoning_tf,24,28,logreg,0.5067966766804145,0.5356367202745215,0.028840044,16,layer_24/width_16k/standard,TRUE
48_cm_correct,24,28,logreg,0.6635988092675118,0.6831434301707267,0.019544621,128,layer_24/width_16k/batch_topk_32,TRUE
49_cm_isshort,24,28,logreg,0.9999561326122464,0.9999299093029618,2.62233E-05,128,layer_24/width_16k/jumprelu_32,FALSE
50_deon_isvalid,24,28,logreg,0.7017224829265213,0.6720548552780885,0.029667628,128,layer_24/width_16k/jumprelu_32,FALSE
51_just_is,24,28,logreg,0.6894057830490586,0.6424129653221016,0.046992818,128,layer_24/width_16k/standard_new,FALSE
52_virtue_is,24,28,logreg,0.7616725669859781,0.7465767735665695,0.015095793,128,layer_24/width_16k/standard_new,FALSE
54_cs_tf,24,28,logreg,0.5270588939914629,0.5253938757241762,0.001665018,16,layer_24/width_16k/p_anneal,FALSE
56_wikidatasex_or_gender,24,28,logreg,0.8787528064606465,0.8587191694009592,0.020033637,16,layer_24/width_16k/topk_32,FALSE
57_wikidatais_alive,24,28,logreg,0.9194047632536976,0.8737423737922305,0.045662389,128,layer_24/width_16k/jumprelu_32,FALSE
58_wikidatapolitical_party,24,28,logreg,0.597825269,0.6626199183399721,0.064794649,128,layer_24/width_16k/standard,TRUE
59_wikidata_occupation_isjournalist,24,28,logreg,0.7631861286436507,0.7702546308213466,0.007068502,128,layer_24/width_16k/standard_new,TRUE
60_wikidata_occupation_isathlete,24,28,logreg,0.8187276696080148,0.8196044109924734,0.000876741,128,layer_24/width_16k/gated,TRUE
61_wikidata_occupation_isactor,24,28,logreg,0.8742455287733857,0.8927204209182359,0.018474892,128,layer_24/width_16k/topk_32,TRUE
62_wikidata_occupation_ispolitician,24,28,logreg,0.8666663234521885,0.8343540531913799,0.03231227,128,layer_24/width_16k/standard_new,FALSE
63_wikidata_occupation_issinger,24,28,logreg,0.86650364,0.8394265915713389,0.027077048,16,layer_24/width_16k/topk_32,FALSE
64_wikidata_occupation_isresearcher,24,28,logreg,0.9249477037942908,0.8605681245239705,0.064379579,16,layer_24/width_16k/matryoshka_batch_topk_32,FALSE
5_hist_fig_ismale,24,38,logreg,0.9525804176255672,0.9302564002548399,0.022324017,16,layer_24/width_16k/topk_32,FALSE
6_hist_fig_isamerican,24,38,logreg,0.9589751465980156,0.9482052307212232,0.010769916,128,layer_24/width_16k/topk_32,FALSE
7_hist_fig_ispolitician,24,38,logreg,0.6141910779992459,0.6310256335244634,0.016834556,16,layer_24/width_16k/standard,TRUE
21_headline_istrump,24,38,logreg,0.9012253611316976,0.8981777639089337,0.003047597,128,layer_24/width_16k/p_anneal,FALSE
22_headline_isobama,24,38,logreg,0.825857617,0.893354771,0.067497155,128,layer_24/width_16k/jumprelu_32,TRUE
23_headline_ischina,24,38,logreg,0.9064422925809064,0.8806767489935807,0.025765544,128,layer_24/width_16k/standard_new,FALSE
24_headline_isiran,24,38,logreg,0.9041345202769534,0.8956017144741181,0.008532806,128,layer_24/width_16k/standard_new,FALSE
26_headline_isfrontpage,24,38,logreg,0.6333125300672205,0.6403227431706778,0.007010213,128,layer_24/width_16k/p_anneal,TRUE
36_sciq_tf,24,38,logreg,0.8151494909700824,0.7548944559295809,0.060255035,128,layer_24/width_16k/standard_new,FALSE
41_truthqa_tf,24,38,logreg,0.70506516,0.6983412424194635,0.006723918,128,layer_24/width_16k/matryoshka_batch_topk_32,FALSE
42_temp_sense,24,38,logreg,0.7084627784536293,0.7131554782515441,0.0046927,128,layer_24/width_16k/standard,TRUE
44_phys_tf,24,38,logreg,0.6564982577264631,0.6537195589707585,0.002778699,128,layer_24/width_16k/standard_new,FALSE
47_reasoning_tf,24,38,logreg,0.5069054434442057,0.5536004061392297,0.046694963,16,layer_24/width_16k/p_anneal,TRUE
48_cm_correct,24,38,logreg,0.663750796,0.6930754378437416,0.029324641,16,layer_24/width_16k/topk_32,TRUE
49_cm_isshort,24,38,logreg,0.9999367775740792,0.9997721392258583,0.000164638,128,layer_24/width_16k/gated,FALSE
50_deon_isvalid,24,38,logreg,0.7011599446113039,0.71315514,0.011995196,128,layer_24/width_16k/standard_new,TRUE
51_just_is,24,38,logreg,0.7346538531549454,0.7269675339028228,0.007686319,128,layer_24/width_16k/standard_new,FALSE
52_virtue_is,24,38,logreg,0.7789828907608715,0.7460464727224567,0.032936418,128,layer_24/width_16k/p_anneal,FALSE
54_cs_tf,24,38,logreg,0.5312201765677211,0.5435805671490423,0.012360391,128,layer_24/width_16k/standard,TRUE
56_wikidatasex_or_gender,24,38,logreg,0.868530672,0.920161128,0.051630456,128,layer_24/width_16k/topk_32,TRUE
57_wikidatais_alive,24,38,logreg,0.9258199412307732,0.882457483,0.043362458,128,layer_24/width_16k/standard_new,FALSE
58_wikidatapolitical_party,24,38,logreg,0.6941730386700002,0.6698213405843385,0.024351698,128,layer_24/width_16k/standard,FALSE
59_wikidata_occupation_isjournalist,24,38,logreg,0.8127296178410203,0.7855561796584076,0.027173438,128,layer_24/width_16k/standard_new,FALSE
60_wikidata_occupation_isathlete,24,38,logreg,0.8463073914581123,0.8453005055233103,0.001006886,128,layer_24/width_16k/gated,FALSE
61_wikidata_occupation_isactor,24,38,logreg,0.8860081341405064,0.8815151136907363,0.00449302,16,layer_24/width_16k/topk_32,FALSE
62_wikidata_occupation_ispolitician,24,38,logreg,0.8726247685618591,0.8264661216168424,0.046158647,128,layer_24/width_16k/standard_new,FALSE
63_wikidata_occupation_issinger,24,38,logreg,0.8823680542553413,0.8572884811416921,0.025079573,128,layer_24/width_16k/standard,FALSE
64_wikidata_occupation_isresearcher,24,38,logreg,0.9403572667360388,0.8999815730142213,0.040375694,128,layer_24/width_16k/matryoshka_batch_topk_32,FALSE
5_hist_fig_ismale,24,53,logreg,0.9735513133430208,0.9544983108309737,0.019053003,128,layer_24/width_16k/standard_new,FALSE
6_hist_fig_isamerican,24,53,logreg,0.9588357332380164,0.9556079087219201,0.003227825,128,layer_24/width_16k/p_anneal,FALSE
7_hist_fig_ispolitician,24,53,logreg,0.6209099520269782,0.6245693685904002,0.003659417,128,layer_24/width_16k/topk_32,TRUE
21_headline_istrump,24,53,logreg,0.8942801422365183,0.9030373975040424,0.008757255,128,layer_24/width_16k/standard_new,TRUE
22_headline_isobama,24,53,logreg,0.9192691407899928,0.9182731947113549,0.000995946,128,layer_24/width_16k/standard_new,FALSE
23_headline_ischina,24,53,logreg,0.925276916,0.9127044606467029,0.012572455,128,layer_24/width_16k/p_anneal,FALSE
24_headline_isiran,24,53,logreg,0.9292497679196382,0.9093976250255681,0.019852143,128,layer_24/width_16k/standard,FALSE
26_headline_isfrontpage,24,53,logreg,0.6776240412222321,0.6685605264719872,0.009063515,16,layer_24/width_16k/batch_topk_32,FALSE
36_sciq_tf,24,53,logreg,0.8228070602866805,0.791045352,0.031761708,128,layer_24/width_16k/standard_new,FALSE
41_truthqa_tf,24,53,logreg,0.759786796,0.7234241094090597,0.036362686,128,layer_24/width_16k/jumprelu_32,FALSE
42_temp_sense,24,53,logreg,0.7915929410265667,0.7463823822973519,0.045210559,128,layer_24/width_16k/standard_new,FALSE
44_phys_tf,24,53,logreg,0.655074644,0.6297492907223325,0.025325354,16,layer_24/width_16k/topk_32,FALSE
47_reasoning_tf,24,53,logreg,0.5277555083233001,0.5534500335522202,0.025694525,16,layer_24/width_16k/gated,TRUE
48_cm_correct,24,53,logreg,0.7271717729807845,0.7097726207292703,0.017399152,128,layer_24/width_16k/topk_32,FALSE
49_cm_isshort,24,53,logreg,0.9999700771567872,0.9999102314703611,5.98457E-05,128,layer_24/width_16k/jumprelu_32,FALSE
50_deon_isvalid,24,53,logreg,0.7131597884732956,0.6898291274842296,0.023330661,128,layer_24/width_16k/batch_topk_32,FALSE
51_just_is,24,53,logreg,0.7344489920988977,0.7097940409066523,0.024654951,128,layer_24/width_16k/standard_new,FALSE
52_virtue_is,24,53,logreg,0.7990128616280734,0.779636071,0.01937679,128,layer_24/width_16k/jumprelu_32,FALSE
54_cs_tf,24,53,logreg,0.5474346557867427,0.5662033095318645,0.018768654,16,layer_24/width_16k/standard,TRUE
56_wikidatasex_or_gender,24,53,logreg,0.9654137716043336,0.9314443135070241,0.033969458,128,layer_24/width_16k/topk_32,FALSE
57_wikidatais_alive,24,53,logreg,0.942818755,0.8889741517323609,0.053844603,128,layer_24/width_16k/standard,FALSE
58_wikidatapolitical_party,24,53,logreg,0.6956352613621333,0.6904304638966433,0.005204797,128,layer_24/width_16k/standard,FALSE
59_wikidata_occupation_isjournalist,24,53,logreg,0.8152037172200282,0.7841726618705036,0.031031055,128,layer_24/width_16k/standard_new,FALSE
60_wikidata_occupation_isathlete,24,53,logreg,0.8819683351835637,0.838219807,0.043748528,128,layer_24/width_16k/batch_topk_32,FALSE
61_wikidata_occupation_isactor,24,53,logreg,0.889106598,0.881032481,0.008074116,16,layer_24/width_16k/topk_32,FALSE
62_wikidata_occupation_ispolitician,24,53,logreg,0.8956290554107881,0.8424850194723095,0.053144036,128,layer_24/width_16k/matryoshka_batch_topk_32,FALSE
63_wikidata_occupation_issinger,24,53,logreg,0.8809585425185031,0.8537469539857763,0.027211589,128,layer_24/width_16k/standard_new,FALSE
64_wikidata_occupation_isresearcher,24,53,logreg,0.9400875789603492,0.9118837183952152,0.028203861,128,layer_24/width_16k/standard_new,FALSE
5_hist_fig_ismale,24,74,logreg,0.9716108725959802,0.9622980633274988,0.009312809,128,layer_24/width_16k/standard_new,FALSE
6_hist_fig_isamerican,24,74,logreg,0.9650705337450812,0.9553286281152774,0.009741906,128,layer_24/width_16k/jumprelu_32,FALSE
7_hist_fig_ispolitician,24,74,logreg,0.6438010417707662,0.6450010933546794,0.001200052,16,layer_24/width_16k/matryoshka_batch_topk_32,TRUE
21_headline_istrump,24,74,logreg,0.9282319020116736,0.9097664112867185,0.018465491,128,layer_24/width_16k/standard_new,FALSE
22_headline_isobama,24,74,logreg,0.9341916177247196,0.9243354830450158,0.009856135,128,layer_24/width_16k/standard,FALSE
23_headline_ischina,24,74,logreg,0.9275037369207773,0.9139262580966617,0.013577479,128,layer_24/width_16k/standard_new,FALSE
24_headline_isiran,24,74,logreg,0.935330586,0.9158638675427849,0.019466719,128,layer_24/width_16k/p_anneal,FALSE
26_headline_isfrontpage,24,74,logreg,0.6640805447841704,0.6488845638438326,0.015195981,128,layer_24/width_16k/gated,FALSE
36_sciq_tf,24,74,logreg,0.8451455217148814,0.7976286241904146,0.047516898,128,layer_24/width_16k/standard_new,FALSE
41_truthqa_tf,24,74,logreg,0.7715461307168856,0.7441050799177085,0.027441051,128,layer_24/width_16k/standard_new,FALSE
42_temp_sense,24,74,logreg,0.7649170672556407,0.7520791650426573,0.012837902,128,layer_24/width_16k/standard_new,FALSE
44_phys_tf,24,74,logreg,0.6707442364706839,0.6402134201948382,0.030530816,128,layer_24/width_16k/jumprelu_32,FALSE
47_reasoning_tf,24,74,logreg,0.5676239220686964,0.5457159327126312,0.021907989,128,layer_24/width_16k/p_anneal,FALSE
48_cm_correct,24,74,logreg,0.7462237211460732,0.7051144922101364,0.041109229,128,layer_24/width_16k/batch_topk_32,FALSE
49_cm_isshort,24,74,logreg,0.9999744389177536,0.9998431703921532,0.000131269,128,layer_24/width_16k/jumprelu_32,FALSE
50_deon_isvalid,24,74,logreg,0.7514738849843648,0.7388246123868015,0.012649273,128,layer_24/width_16k/jumprelu_32,FALSE
51_just_is,24,74,logreg,0.751958886,0.7544282513614162,0.002469365,128,layer_24/width_16k/standard_new,TRUE
52_virtue_is,24,74,logreg,0.7946199437913024,0.7758164254934006,0.018803518,128,layer_24/width_16k/jumprelu_32,FALSE
54_cs_tf,24,74,logreg,0.5590297738784209,0.5750023169884229,0.015972543,128,layer_24/width_16k/standard_new,TRUE
56_wikidatasex_or_gender,24,74,logreg,0.9807929080694852,0.9333865828395098,0.047406325,128,layer_24/width_16k/topk_32,FALSE
57_wikidatais_alive,24,74,logreg,0.9382929088940364,0.9174057117640017,0.020887197,128,layer_24/width_16k/standard_new,FALSE
58_wikidatapolitical_party,24,74,logreg,0.7792357401400529,0.735444194,0.043791546,128,layer_24/width_16k/standard_new,FALSE
59_wikidata_occupation_isjournalist,24,74,logreg,0.8483656193936568,0.8094204916634823,0.038945128,128,layer_24/width_16k/standard_new,FALSE
60_wikidata_occupation_isathlete,24,74,logreg,0.8752480014162258,0.846145211,0.029102791,128,layer_24/width_16k/gated,FALSE
61_wikidata_occupation_isactor,24,74,logreg,0.8898226047758757,0.8804266164079247,0.009395988,16,layer_24/width_16k/topk_32,FALSE
62_wikidata_occupation_ispolitician,24,74,logreg,0.9105273497796862,0.8889061599341974,0.02162119,128,layer_24/width_16k/standard_new,FALSE
63_wikidata_occupation_issinger,24,74,logreg,0.8779185367970416,0.8724360593519471,0.005482477,128,layer_24/width_16k/topk_32,FALSE
64_wikidata_occupation_isresearcher,24,74,logreg,0.946911312,0.9294297235412122,0.017481589,16,layer_24/width_16k/matryoshka_batch_topk_32,FALSE
5_hist_fig_ismale,24,103,logreg,0.9743151,0.958150611,0.016164489,128,layer_24/width_16k/standard_new,FALSE
6_hist_fig_isamerican,24,103,logreg,0.9644147283096246,0.9512946075761459,0.013120121,128,layer_24/width_16k/standard_new,FALSE
7_hist_fig_ispolitician,24,103,logreg,0.6483964500833013,0.6311829351157674,0.017213515,128,layer_24/width_16k/standard_new,FALSE
21_headline_istrump,24,103,logreg,0.9359948363877142,0.9189572853923705,0.017037551,128,layer_24/width_16k/standard_new,FALSE
22_headline_isobama,24,103,logreg,0.93948613,0.9330395100435753,0.00644662,128,layer_24/width_16k/standard_new,FALSE
23_headline_ischina,24,103,logreg,0.9269010790127534,0.9018552154450034,0.025045864,128,layer_24/width_16k/standard_new,FALSE
24_headline_isiran,24,103,logreg,0.9468536796032648,0.9212231053658253,0.025630574,128,layer_24/width_16k/p_anneal,FALSE
26_headline_isfrontpage,24,103,logreg,0.6711645527628263,0.6645782104372251,0.006586342,16,layer_24/width_16k/batch_topk_32,FALSE
36_sciq_tf,24,103,logreg,0.8600493199730872,0.8266677279571959,0.033381592,128,layer_24/width_16k/standard_new,FALSE
41_truthqa_tf,24,103,logreg,0.7867665396754414,0.745478625,0.041287915,128,layer_24/width_16k/standard_new,FALSE
42_temp_sense,24,103,logreg,0.8329774830900676,0.7495416518333926,0.083435831,128,layer_24/width_16k/standard_new,FALSE
44_phys_tf,24,103,logreg,0.7183963199250288,0.6708479177346319,0.047548402,128,layer_24/width_16k/standard_new,FALSE
47_reasoning_tf,24,103,logreg,0.5917150110501448,0.5578057722717573,0.033909239,128,layer_24/width_16k/standard,FALSE
48_cm_correct,24,103,logreg,0.7496474880120894,0.7270769589153745,0.022570529,128,layer_24/width_16k/topk_32,FALSE
49_cm_isshort,24,103,logreg,0.999969296,0.9999484372997565,2.08587E-05,128,layer_24/width_16k/jumprelu_32,FALSE
50_deon_isvalid,24,103,logreg,0.7793370071340082,0.7318450902964673,0.047491917,128,layer_24/width_16k/standard_new,FALSE
51_just_is,24,103,logreg,0.7905529790892392,0.7459138645926779,0.044639114,128,layer_24/width_16k/standard_new,FALSE
52_virtue_is,24,103,logreg,0.8307926062127571,0.7855443160345638,0.04524829,128,layer_24/width_16k/standard_new,FALSE
54_cs_tf,24,103,logreg,0.5837662764588406,0.5788393686723055,0.004926908,128,layer_24/width_16k/standard_new,FALSE
56_wikidatasex_or_gender,24,103,logreg,0.988166944,0.9477693208274595,0.040397624,128,layer_24/width_16k/standard_new,FALSE
57_wikidatais_alive,24,103,logreg,0.9596238192308514,0.9400596124887863,0.019564207,128,layer_24/width_16k/standard_new,FALSE
58_wikidatapolitical_party,24,103,logreg,0.8245408030890389,0.7684575409786025,0.056083262,128,layer_24/width_16k/standard_new,FALSE
59_wikidata_occupation_isjournalist,24,103,logreg,0.865993698,0.8288057024337268,0.037187995,128,layer_24/width_16k/standard_new,FALSE
60_wikidata_occupation_isathlete,24,103,logreg,0.9064519574854456,0.8602954921753994,0.046156465,128,layer_24/width_16k/batch_topk_32,FALSE
61_wikidata_occupation_isactor,24,103,logreg,0.9046838558635546,0.8855140290907796,0.019169827,128,layer_24/width_16k/topk_32,FALSE
62_wikidata_occupation_ispolitician,24,103,logreg,0.924173031,0.8990824565151597,0.025090575,128,layer_24/width_16k/standard_new,FALSE
63_wikidata_occupation_issinger,24,103,logreg,0.8962010851181257,0.871764229,0.024436856,128,layer_24/width_16k/topk_32,FALSE
64_wikidata_occupation_isresearcher,24,103,logreg,0.952749935,0.9263339774078478,0.026415958,16,layer_24/width_16k/matryoshka_batch_topk_32,FALSE
5_hist_fig_ismale,24,143,logreg,0.9741477110807736,0.9552929984882574,0.018854713,128,layer_24/width_16k/standard_new,FALSE
6_hist_fig_isamerican,24,143,logreg,0.963606734,0.951724662,0.011882072,128,layer_24/width_16k/batch_topk_32,FALSE
7_hist_fig_ispolitician,24,143,logreg,0.6492490310735001,0.6446863236160228,0.004562707,16,layer_24/width_16k/topk_32,FALSE
21_headline_istrump,24,143,logreg,0.9228821356551382,0.918780313,0.004101823,128,layer_24/width_16k/standard_new,FALSE
22_headline_isobama,24,143,logreg,0.9534657484392934,0.9343295960359452,0.019136152,128,layer_24/width_16k/p_anneal,FALSE
23_headline_ischina,24,143,logreg,0.956361163,0.9310462673378274,0.025314896,128,layer_24/width_16k/p_anneal,FALSE
24_headline_isiran,24,143,logreg,0.9509672149791668,0.931100795,0.01986642,128,layer_24/width_16k/standard,FALSE
26_headline_isfrontpage,24,143,logreg,0.6995114995562479,0.6817924597434109,0.01771904,128,layer_24/width_16k/gated,FALSE
36_sciq_tf,24,143,logreg,0.8873452465605823,0.8457483260912637,0.04159692,128,layer_24/width_16k/standard_new,FALSE
41_truthqa_tf,24,143,logreg,0.7929562019002144,0.7657922574509175,0.027163944,128,layer_24/width_16k/jumprelu_32,FALSE
42_temp_sense,24,143,logreg,0.8478753698224852,0.7967353920118343,0.051139978,128,layer_24/width_16k/jumprelu_32,FALSE
44_phys_tf,24,143,logreg,0.7274417558468065,0.6633694554741633,0.0640723,16,layer_24/width_16k/p_anneal,FALSE
47_reasoning_tf,24,143,logreg,0.5927439662542624,0.5874905415630742,0.005253425,128,layer_24/width_16k/p_anneal,FALSE
48_cm_correct,24,143,logreg,0.7414542107591553,0.7269223488189682,0.014531862,128,layer_24/width_16k/topk_32,FALSE
49_cm_isshort,24,143,logreg,0.9999677703019956,0.9999273983644955,4.03719E-05,128,layer_24/width_16k/jumprelu_32,FALSE
50_deon_isvalid,24,143,logreg,0.7999409348376574,0.754599856,0.045341078,128,layer_24/width_16k/standard_new,FALSE
51_just_is,24,143,logreg,0.8094325808999345,0.7560956536725572,0.053336927,128,layer_24/width_16k/standard_new,FALSE
52_virtue_is,24,143,logreg,0.8598000527902603,0.8007419053567906,0.059058147,128,layer_24/width_16k/standard_new,FALSE
54_cs_tf,24,143,logreg,0.6010452769582765,0.5696734826258181,0.031371794,128,layer_24/width_16k/standard_new,FALSE
56_wikidatasex_or_gender,24,143,logreg,0.9932736620264948,0.9564532676164136,0.036820394,128,layer_24/width_16k/standard_new,FALSE
57_wikidatais_alive,24,143,logreg,0.9679514668244452,0.9307380397287006,0.037213427,128,layer_24/width_16k/standard_new,FALSE
58_wikidatapolitical_party,24,143,logreg,0.8583835494982307,0.8187721166898132,0.039611433,128,layer_24/width_16k/standard_new,FALSE
59_wikidata_occupation_isjournalist,24,143,logreg,0.8404580205856123,0.8247528983353151,0.015705122,128,layer_24/width_16k/standard_new,FALSE
60_wikidata_occupation_isathlete,24,143,logreg,0.9078965703032106,0.901411313,0.006485258,128,layer_24/width_16k/standard_new,FALSE
61_wikidata_occupation_isactor,24,143,logreg,0.906184393,0.8869498272146255,0.019234565,128,layer_24/width_16k/standard_new,FALSE
62_wikidata_occupation_ispolitician,24,143,logreg,0.9246734728002376,0.8960837637485137,0.028589709,128,layer_24/width_16k/standard_new,FALSE
63_wikidata_occupation_issinger,24,143,logreg,0.8949742447607016,0.8856295518727705,0.009344693,128,layer_24/width_16k/topk_32,FALSE
64_wikidata_occupation_isresearcher,24,143,logreg,0.9504763094568108,0.9138555473616798,0.036620762,16,layer_24/width_16k/matryoshka_batch_topk_32,FALSE
5_hist_fig_ismale,24,198,logreg,0.9885676107177566,0.9586878731084271,0.029879738,128,layer_24/width_16k/standard,FALSE
6_hist_fig_isamerican,24,198,logreg,0.9689218034152438,0.9604137165070109,0.008508087,128,layer_24/width_16k/standard_new,FALSE
7_hist_fig_ispolitician,24,198,logreg,0.6482062161599333,0.6500526690267945,0.001846453,16,layer_24/width_16k/standard_new,TRUE
21_headline_istrump,24,198,logreg,0.9363743405525476,0.9153500277662084,0.021024313,128,layer_24/width_16k/standard_new,FALSE
22_headline_isobama,24,198,logreg,0.9592000934593528,0.9306215046955787,0.028578589,128,layer_24/width_16k/standard_new,FALSE
23_headline_ischina,24,198,logreg,0.9734561890505324,0.9554958071126484,0.017960382,128,layer_24/width_16k/standard,FALSE
24_headline_isiran,24,198,logreg,0.9630506748153808,0.9377981495628555,0.025252525,128,layer_24/width_16k/p_anneal,FALSE
26_headline_isfrontpage,24,198,logreg,0.707359434,0.6979138900458143,0.009445544,128,layer_24/width_16k/batch_topk_32,FALSE
36_sciq_tf,24,198,logreg,0.8912153790087464,0.8393959114257947,0.051819468,128,layer_24/width_16k/standard_new,FALSE
41_truthqa_tf,24,198,logreg,0.8259733927700774,0.7468714448236633,0.079101948,128,layer_24/width_16k/topk_32,FALSE
42_temp_sense,24,198,logreg,0.8580684305608122,0.8166903378607744,0.041378093,128,layer_24/width_16k/standard_new,FALSE
44_phys_tf,24,198,logreg,0.7243801193946966,0.6932161946411217,0.031163925,128,layer_24/width_16k/standard_new,FALSE
47_reasoning_tf,24,198,logreg,0.6121377871527991,0.6248813153086572,0.012743528,128,layer_24/width_16k/p_anneal,TRUE
48_cm_correct,24,198,logreg,0.7413278321532695,0.738809003,0.002518829,128,layer_24/width_16k/topk_32,FALSE
49_cm_isshort,24,198,logreg,0.9999803901152298,0.9999326669443288,4.77232E-05,128,layer_24/width_16k/jumprelu_32,FALSE
50_deon_isvalid,24,198,logreg,0.8322493231986672,0.7497534013605442,0.082495922,128,layer_24/width_16k/jumprelu_32,FALSE
51_just_is,24,198,logreg,0.8041460155490767,0.771519332,0.032626683,128,layer_24/width_16k/standard_new,FALSE
52_virtue_is,24,198,logreg,0.901600846,0.8221975402589554,0.079403306,128,layer_24/width_16k/standard_new,FALSE
54_cs_tf,24,198,logreg,0.6158709044842428,0.6012675274191309,0.014603377,128,layer_24/width_16k/standard_new,FALSE
56_wikidatasex_or_gender,24,198,logreg,0.9970172150492852,0.9702516312647508,0.026765584,128,layer_24/width_16k/p_anneal,FALSE
57_wikidatais_alive,24,198,logreg,0.9759594960433152,0.9425852075524088,0.033374288,128,layer_24/width_16k/standard_new,FALSE
58_wikidatapolitical_party,24,198,logreg,0.8849898032017947,0.8374176608544917,0.047572142,128,layer_24/width_16k/standard_new,FALSE
59_wikidata_occupation_isjournalist,24,198,logreg,0.8806122826489087,0.850641263,0.02997102,128,layer_24/width_16k/standard_new,FALSE
60_wikidata_occupation_isathlete,24,198,logreg,0.9238216796152424,0.887159946,0.036661734,128,layer_24/width_16k/standard_new,FALSE
61_wikidata_occupation_isactor,24,198,logreg,0.9199445061043284,0.8992970773214946,0.020647429,128,layer_24/width_16k/standard_new,FALSE
62_wikidata_occupation_ispolitician,24,198,logreg,0.9246004439511654,0.9060019731162906,0.018598471,128,layer_24/width_16k/standard_new,FALSE
63_wikidata_occupation_issinger,24,198,logreg,0.914802072,0.8763238377111853,0.038478234,128,layer_24/width_16k/batch_topk_32,FALSE
64_wikidata_occupation_isresearcher,24,198,logreg,0.9575069652254669,0.9131552471365183,0.044351718,128,layer_24/width_16k/batch_topk_32,FALSE
5_hist_fig_ismale,24,275,logreg,0.9915257882891764,0.9641209139056799,0.027404874,128,layer_24/width_16k/standard_new,FALSE
6_hist_fig_isamerican,24,275,logreg,0.9724210814612682,0.9623829817438256,0.0100381,128,layer_24/width_16k/topk_32,FALSE
7_hist_fig_ispolitician,24,275,logreg,0.6497128361059709,0.649853183,0.000140347,16,layer_24/width_16k/standard_new,TRUE
21_headline_istrump,24,275,logreg,0.9490206565856084,0.9213657393632315,0.027654917,128,layer_24/width_16k/jumprelu_32,FALSE
22_headline_isobama,24,275,logreg,0.9594433942449064,0.9407246376811594,0.018718757,128,layer_24/width_16k/standard,FALSE
23_headline_ischina,24,275,logreg,0.9817239136237156,0.9622059803637955,0.019517933,128,layer_24/width_16k/standard,FALSE
24_headline_isiran,24,275,logreg,0.9683634387454064,0.9426174887428187,0.02574595,128,layer_24/width_16k/p_anneal,FALSE
26_headline_isfrontpage,24,275,logreg,0.7153743544592944,0.7367710310225193,0.021396677,128,layer_24/width_16k/jumprelu_32,TRUE
36_sciq_tf,24,275,logreg,0.8938150514675991,0.8520712509168237,0.041743801,128,layer_24/width_16k/standard_new,FALSE
41_truthqa_tf,24,275,logreg,0.8917031910803538,0.8257285659361784,0.065974625,128,layer_24/width_16k/jumprelu_32,FALSE
42_temp_sense,24,275,logreg,0.8741298399031915,0.8171462121946796,0.056983628,128,layer_24/width_16k/standard_new,FALSE
44_phys_tf,24,275,logreg,0.7752473362819867,0.7462622628536358,0.028985073,128,layer_24/width_16k/standard,FALSE
47_reasoning_tf,24,275,logreg,0.6279393484051636,0.6197814356942831,0.008157913,128,layer_24/width_16k/standard,FALSE
48_cm_correct,24,275,logreg,0.7691962995810753,0.7401774390020942,0.029018861,128,layer_24/width_16k/topk_32,FALSE
49_cm_isshort,24,275,logreg,0.9999919341019716,0.99994569,4.62445E-05,128,layer_24/width_16k/jumprelu_32,FALSE
50_deon_isvalid,24,275,logreg,0.8443468092382853,0.7796350055672621,0.064711804,128,layer_24/width_16k/standard_new,FALSE
51_just_is,24,275,logreg,0.8222559277180821,0.7921394776596135,0.03011645,128,layer_24/width_16k/standard_new,FALSE
52_virtue_is,24,275,logreg,0.9327390110457076,0.8714486330915271,0.061290378,128,layer_24/width_16k/standard_new,FALSE
54_cs_tf,24,275,logreg,0.630299295,0.5932405265131445,0.037058768,128,layer_24/width_16k/standard_new,FALSE
56_wikidatasex_or_gender,24,275,logreg,0.9973574325637152,0.9637989949532573,0.033558438,128,layer_24/width_16k/p_anneal,FALSE
57_wikidatais_alive,24,275,logreg,0.976721281,0.9379013680480025,0.038819913,128,layer_24/width_16k/standard_new,FALSE
58_wikidatapolitical_party,24,275,logreg,0.9048324460228436,0.8266472385560666,0.078185207,128,layer_24/width_16k/standard_new,FALSE
59_wikidata_occupation_isjournalist,24,275,logreg,0.9179422752892156,0.8808132492826803,0.037129026,128,layer_24/width_16k/topk_32,FALSE
60_wikidata_occupation_isathlete,24,275,logreg,0.9248537098745162,0.8918893093814094,0.0329644,128,layer_24/width_16k/standard_new,FALSE
61_wikidata_occupation_isactor,24,275,logreg,0.9130859007003622,0.8992711064216924,0.013814794,16,layer_24/width_16k/topk_32,FALSE
62_wikidata_occupation_ispolitician,24,275,logreg,0.9429535801379192,0.9190815079591519,0.023872072,128,layer_24/width_16k/matryoshka_batch_topk_32,FALSE
63_wikidata_occupation_issinger,24,275,logreg,0.923872611,0.9053515000457577,0.01852111,128,layer_24/width_16k/batch_topk_32,FALSE
64_wikidata_occupation_isresearcher,24,275,logreg,0.9595931528258134,0.9289272798054626,0.030665873,128,layer_24/width_16k/topk_32,FALSE
5_hist_fig_ismale,24,382,logreg,0.9912355990761792,0.9618214611950976,0.029414138,128,layer_24/width_16k/standard_new,FALSE
6_hist_fig_isamerican,24,382,logreg,0.9688343705175964,0.9619319849312427,0.006902386,128,layer_24/width_16k/topk_32,FALSE
7_hist_fig_ispolitician,24,382,logreg,0.6816975507639835,0.6595455166393578,0.022152034,128,layer_24/width_16k/standard_new,FALSE
21_headline_istrump,24,382,logreg,0.9515795324301788,0.9283883124808131,0.02319122,128,layer_24/width_16k/p_anneal,FALSE
22_headline_isobama,24,382,logreg,0.9642314109969096,0.9447858969422311,0.019445514,128,layer_24/width_16k/standard_new,FALSE
23_headline_ischina,24,382,logreg,0.979435785,0.9580092883696816,0.021426496,128,layer_24/width_16k/p_anneal,FALSE
24_headline_isiran,24,382,logreg,0.9767965909720956,0.9561198545777131,0.020676736,128,layer_24/width_16k/standard,FALSE
26_headline_isfrontpage,24,382,logreg,0.7302455240701557,0.7409959746091889,0.010750451,128,layer_24/width_16k/gated,TRUE
36_sciq_tf,24,382,logreg,0.9120959128359905,0.8611531022079979,0.050942811,128,layer_24/width_16k/standard_new,FALSE
41_truthqa_tf,24,382,logreg,0.9112605290379784,0.8506723806709029,0.060588148,128,layer_24/width_16k/standard_new,FALSE
42_temp_sense,24,382,logreg,0.890107633,0.8194802435915591,0.07062739,128,layer_24/width_16k/standard_new,FALSE
44_phys_tf,24,382,logreg,0.7895185218266552,0.7641275229998207,0.025390999,128,layer_24/width_16k/standard_new,FALSE
47_reasoning_tf,24,382,logreg,0.6281413272004618,0.6343181865760692,0.006176859,128,layer_24/width_16k/standard_new,TRUE
48_cm_correct,24,382,logreg,0.7901670278234592,0.7466520127329349,0.043515015,128,layer_24/width_16k/topk_32,FALSE
49_cm_isshort,24,382,logreg,0.9999981235358888,0.9999472713584774,5.08522E-05,128,layer_24/width_16k/gated,FALSE
50_deon_isvalid,24,382,logreg,0.8458531644315478,0.7976779507210501,0.048175214,128,layer_24/width_16k/standard_new,FALSE
51_just_is,24,382,logreg,0.824772779,0.8007339601724245,0.024038819,128,layer_24/width_16k/standard_new,FALSE
52_virtue_is,24,382,logreg,0.9394304394541048,0.8881018666847899,0.051328573,128,layer_24/width_16k/standard_new,FALSE
54_cs_tf,24,382,logreg,0.6391589537736819,0.629771004,0.00938795,128,layer_24/width_16k/standard_new,FALSE
56_wikidatasex_or_gender,24,382,logreg,0.9978019099402308,0.9699456125642032,0.027856297,128,layer_24/width_16k/p_anneal,FALSE
57_wikidatais_alive,24,382,logreg,0.9822548418403458,0.9465753779386366,0.035679464,128,layer_24/width_16k/standard_new,FALSE
58_wikidatapolitical_party,24,382,logreg,0.9163784362785982,0.8538809185058511,0.062497518,128,layer_24/width_16k/standard_new,FALSE
59_wikidata_occupation_isjournalist,24,382,logreg,0.9212326671480496,0.8790479016999352,0.042184765,128,layer_24/width_16k/topk_32,FALSE
60_wikidata_occupation_isathlete,24,382,logreg,0.9241982217381194,0.8926250474243962,0.031573174,128,layer_24/width_16k/batch_topk_32,FALSE
61_wikidata_occupation_isactor,24,382,logreg,0.9312086183896512,0.9046968510200836,0.026511767,128,layer_24/width_16k/topk_32,FALSE
62_wikidata_occupation_ispolitician,24,382,logreg,0.9529060446217674,0.9187145846846737,0.03419146,128,layer_24/width_16k/topk_32,FALSE
63_wikidata_occupation_issinger,24,382,logreg,0.8972466313380411,0.8923741570696008,0.004872474,128,layer_24/width_16k/batch_topk_32,FALSE
64_wikidata_occupation_isresearcher,24,382,logreg,0.9613048709090092,0.9338332271782697,0.027471644,128,layer_24/width_16k/topk_32,FALSE
5_hist_fig_ismale,24,531,logreg,0.9920478981541074,0.9693878041723538,0.022660094,128,layer_24/width_16k/standard_new,FALSE
6_hist_fig_isamerican,24,531,logreg,0.9702037126238988,0.9679962314326728,0.002207481,128,layer_24/width_16k/batch_topk_32,FALSE
7_hist_fig_ispolitician,24,531,logreg,0.6865659230785877,0.6877576262995025,0.001191703,128,layer_24/width_16k/standard,TRUE
21_headline_istrump,24,531,logreg,0.9595353890272336,0.9231497192008585,0.03638567,128,layer_24/width_16k/jumprelu_32,FALSE
22_headline_isobama,24,531,logreg,0.9707276376945582,0.9540880941224149,0.016639544,128,layer_24/width_16k/standard_new,FALSE
23_headline_ischina,24,531,logreg,0.9822894699125734,0.9625701539462519,0.019719316,128,layer_24/width_16k/standard,FALSE
24_headline_isiran,24,531,logreg,0.9802548257489738,0.9638614726176958,0.016393353,128,layer_24/width_16k/p_anneal,FALSE
26_headline_isfrontpage,24,531,logreg,0.7066937353779668,0.7525342853868231,0.04584055,128,layer_24/width_16k/gated,TRUE
36_sciq_tf,24,531,logreg,0.9247861446241812,0.8798125975303139,0.044973547,128,layer_24/width_16k/standard_new,FALSE
41_truthqa_tf,24,531,logreg,0.9327298654597308,0.837993676,0.094736189,128,layer_24/width_16k/standard_new,FALSE
42_temp_sense,24,531,logreg,0.9056336591608962,0.8301337401986263,0.075499919,128,layer_24/width_16k/standard_new,FALSE
44_phys_tf,24,531,logreg,0.7930514936013703,0.7818548933267824,0.0111966,128,layer_24/width_16k/standard_new,FALSE
47_reasoning_tf,24,531,logreg,0.6484342167752604,0.6476697325757395,0.000764484,128,layer_24/width_16k/standard_new,FALSE
48_cm_correct,24,531,logreg,0.7847903203442523,0.7486679372824478,0.036122383,128,layer_24/width_16k/topk_32,FALSE
49_cm_isshort,24,531,logreg,0.9999997996295552,0.9999633322085872,3.64674E-05,128,layer_24/width_16k/jumprelu_32,FALSE
50_deon_isvalid,24,531,logreg,0.8684732333137505,0.812852402,0.055620832,128,layer_24/width_16k/standard_new,FALSE
51_just_is,24,531,logreg,0.857702721,0.8216356399711787,0.036067081,128,layer_24/width_16k/standard_new,FALSE
52_virtue_is,24,531,logreg,0.950878491,0.8769533850951919,0.073925106,128,layer_24/width_16k/gated,FALSE
54_cs_tf,24,531,logreg,0.6418133845854215,0.630559579,0.011253806,128,layer_24/width_16k/standard_new,FALSE
56_wikidatasex_or_gender,24,531,logreg,0.9979480062739994,0.9800909922264281,0.017857014,128,layer_24/width_16k/p_anneal,FALSE
57_wikidatais_alive,24,531,logreg,0.983923678,0.9529444036134005,0.030979274,128,layer_24/width_16k/standard_new,FALSE
58_wikidatapolitical_party,24,531,logreg,0.9374108524280974,0.8753313071825033,0.062079545,128,layer_24/width_16k/standard_new,FALSE
59_wikidata_occupation_isjournalist,24,531,logreg,0.9321752333152672,0.9006600390529292,0.031515194,128,layer_24/width_16k/standard_new,FALSE
60_wikidata_occupation_isathlete,24,531,logreg,0.9373807437875402,0.9164426939096734,0.02093805,128,layer_24/width_16k/standard_new,FALSE
61_wikidata_occupation_isactor,24,531,logreg,0.9117633956744798,0.9074052075522129,0.004358188,128,layer_24/width_16k/standard_new,FALSE
62_wikidata_occupation_ispolitician,24,531,logreg,0.9450038607458664,0.9325910059470335,0.012412855,128,layer_24/width_16k/topk_32,FALSE
63_wikidata_occupation_issinger,24,531,logreg,0.938643839,0.9090423122897935,0.029601526,128,layer_24/width_16k/topk_32,FALSE
64_wikidata_occupation_isresearcher,24,531,logreg,0.9610452023946834,0.9376044535461243,0.023440749,128,layer_24/width_16k/batch_topk_32,FALSE
5_hist_fig_ismale,24,737,logreg,0.9931717902095962,0.9727131453828658,0.020458645,128,layer_24/width_16k/standard_new,FALSE
6_hist_fig_isamerican,24,737,logreg,0.9742182670907286,0.9690107882103277,0.005207479,128,layer_24/width_16k/topk_32,FALSE
7_hist_fig_ispolitician,24,737,logreg,0.6752857914528907,0.6870883899513802,0.011802598,128,layer_24/width_16k/p_anneal,TRUE
21_headline_istrump,24,737,logreg,0.9656013076832114,0.9416439980877136,0.02395731,128,layer_24/width_16k/p_anneal,FALSE
22_headline_isobama,24,737,logreg,0.9784840588377688,0.9577940108505275,0.020690048,128,layer_24/width_16k/standard_new,FALSE
23_headline_ischina,24,737,logreg,0.9868016581632651,0.9645695153061224,0.022232143,128,layer_24/width_16k/standard_new,FALSE
24_headline_isiran,24,737,logreg,0.9759147928994084,0.9637775147928995,0.012137278,128,layer_24/width_16k/standard,FALSE
26_headline_isfrontpage,24,737,logreg,0.7370466495242076,0.7603064502667931,0.023259801,128,layer_24/width_16k/standard_new,TRUE
36_sciq_tf,24,737,logreg,0.931056177,0.8877758352985063,0.043280342,128,layer_24/width_16k/standard_new,FALSE
42_temp_sense,24,737,logreg,0.9188242348052438,0.8413673423917081,0.077456892,128,layer_24/width_16k/standard_new,FALSE
44_phys_tf,24,737,logreg,0.7618549529514589,0.7752645193596968,0.013409566,128,layer_24/width_16k/standard_new,TRUE
47_reasoning_tf,24,737,logreg,0.6867407592120955,0.6715076880058345,0.015233071,128,layer_24/width_16k/standard,FALSE
48_cm_correct,24,737,logreg,0.780222503,0.7641666965782539,0.016055806,128,layer_24/width_16k/p_anneal,FALSE
49_cm_isshort,24,737,logreg,0.99999956,0.999994054,5.5052E-06,128,layer_24/width_16k/jumprelu_32,FALSE
50_deon_isvalid,24,737,logreg,0.8717637405940903,0.8438745069818049,0.027889234,128,layer_24/width_16k/standard_new,FALSE
51_just_is,24,737,logreg,0.8393047504812094,0.8201827682392234,0.019121982,128,layer_24/width_16k/p_anneal,FALSE
52_virtue_is,24,737,logreg,0.955192594,0.903035654,0.05215694,128,layer_24/width_16k/standard_new,FALSE
54_cs_tf,24,737,logreg,0.6521221115040845,0.6272409192274838,0.024881192,128,layer_24/width_16k/standard_new,FALSE
56_wikidatasex_or_gender,24,737,logreg,0.9987485579128332,0.9832067174011229,0.015541841,128,layer_24/width_16k/p_anneal,FALSE
57_wikidatais_alive,24,737,logreg,0.9856099574536116,0.9497436888936552,0.035866269,128,layer_24/width_16k/standard_new,FALSE
58_wikidatapolitical_party,24,737,logreg,0.94372835,0.8875810003588289,0.05614735,128,layer_24/width_16k/standard_new,FALSE
59_wikidata_occupation_isjournalist,24,737,logreg,0.9228590946878272,0.8961098651048194,0.02674923,128,layer_24/width_16k/standard_new,FALSE
60_wikidata_occupation_isathlete,24,737,logreg,0.9489063469300107,0.9294255338920687,0.019480813,128,layer_24/width_16k/standard_new,FALSE
61_wikidata_occupation_isactor,24,737,logreg,0.9422017726497574,0.9223555295470927,0.019846243,128,layer_24/width_16k/standard_new,FALSE
62_wikidata_occupation_ispolitician,24,737,logreg,0.958946255,0.9320877735388448,0.026858482,128,layer_24/width_16k/batch_topk_32,FALSE
63_wikidata_occupation_issinger,24,737,logreg,0.9427995207968636,0.9155467260731214,0.027252795,128,layer_24/width_16k/matryoshka_batch_topk_32,FALSE
64_wikidata_occupation_isresearcher,24,737,logreg,0.9676792894050964,0.9411176976382256,0.026561592,128,layer_24/width_16k/matryoshka_batch_topk_32,FALSE
5_hist_fig_ismale,24,1024,logreg,0.9931744467813424,0.9789899436882998,0.014184503,128,layer_24/width_16k/standard_new,FALSE
6_hist_fig_isamerican,24,1024,logreg,0.9796304247224666,0.9721616057694937,0.007468819,128,layer_24/width_16k/topk_32,FALSE
7_hist_fig_ispolitician,24,1024,logreg,0.6746782911864747,0.6909930898931587,0.016314799,128,layer_24/width_16k/standard_new,TRUE
21_headline_istrump,24,1024,logreg,0.9728071498948396,0.9442903014463226,0.028516848,128,layer_24/width_16k/standard,FALSE
22_headline_isobama,24,1024,logreg,0.9755877034358046,0.9589310829817159,0.01665662,128,layer_24/width_16k/standard_new,FALSE
23_headline_ischina,24,1024,logreg,0.9852368105515588,0.963896191,0.02134062,128,layer_24/width_16k/standard,FALSE
24_headline_isiran,24,1024,logreg,0.9855200048570214,0.9655151478355899,0.020004857,128,layer_24/width_16k/p_anneal,FALSE
26_headline_isfrontpage,24,1024,logreg,0.7173142022745431,0.7684774981038722,0.051163296,128,layer_24/width_16k/standard_new,TRUE
36_sciq_tf,24,1024,logreg,0.9323667217193448,0.880958372,0.051408349,128,layer_24/width_16k/gated,FALSE
42_temp_sense,24,1024,logreg,0.920116861,0.8604757929883138,0.059641068,128,layer_24/width_16k/p_anneal,FALSE
44_phys_tf,24,1024,logreg,0.7997230995434105,0.7889918777891303,0.010731222,128,layer_24/width_16k/standard_new,FALSE
47_reasoning_tf,24,1024,logreg,0.681355471,0.6913474486433832,0.009991978,128,layer_24/width_16k/standard_new,TRUE
48_cm_correct,24,1024,logreg,0.8030305638562123,0.7788836694044488,0.024146894,128,layer_24/width_16k/standard,FALSE
49_cm_isshort,24,1024,logreg,0.999999241,0.9999789881716065,2.02524E-05,128,layer_24/width_16k/jumprelu_32,FALSE
50_deon_isvalid,24,1024,logreg,0.8831517033757655,0.8558294912909769,0.027322212,128,layer_24/width_16k/standard_new,FALSE
51_just_is,24,1024,logreg,0.8703587908933217,0.8283014645497545,0.042057326,128,layer_24/width_16k/standard,FALSE
52_virtue_is,24,1024,logreg,0.961500824,0.9011729777488973,0.060327846,128,layer_24/width_16k/standard_new,FALSE
54_cs_tf,24,1024,logreg,0.6764210071703498,0.6470830519098486,0.029337955,128,layer_24/width_16k/standard_new,FALSE
56_wikidatasex_or_gender,24,1024,logreg,0.9991681341192602,0.9847046547022447,0.014463479,128,layer_24/width_16k/p_anneal,FALSE
57_wikidatais_alive,24,1024,logreg,0.9881176844661324,0.9631642395895251,0.024953445,128,layer_24/width_16k/standard_new,FALSE
58_wikidatapolitical_party,24,1024,logreg,0.96397602,0.9135533186485034,0.050422702,128,layer_24/width_16k/standard_new,FALSE
59_wikidata_occupation_isjournalist,24,1024,logreg,0.9428543777560844,0.9103241660214764,0.032530212,128,layer_24/width_16k/standard_new,FALSE
60_wikidata_occupation_isathlete,24,1024,logreg,0.960880432,0.9200987982630356,0.040781634,128,layer_24/width_16k/batch_topk_32,FALSE
61_wikidata_occupation_isactor,24,1024,logreg,0.9457198640051168,0.9161729558689871,0.029546908,128,layer_24/width_16k/standard_new,FALSE
62_wikidata_occupation_ispolitician,24,1024,logreg,0.9641077860436936,0.9433046083414682,0.020803178,128,layer_24/width_16k/topk_32,FALSE
63_wikidata_occupation_issinger,24,1024,logreg,0.9456777863803144,0.9140522435789544,0.031625543,128,layer_24/width_16k/batch_topk_32,FALSE
64_wikidata_occupation_isresearcher,24,1024,logreg,0.9694723549113272,0.9418867475612657,0.027585607,128,layer_24/width_16k/batch_topk_32,FALSE
,,,,,,0.036233712,,,
,,,,,, ,,,