dataset,layer,frac,method,baseline_test_auc,sae_best_test_auc,sae_best_k,sae_best_sae_id,sae_better
5_hist_fig_ismale,24,0.05,logreg,0.9829912973082372,0.9616110099170208,128,layer_24/width_16k/standard_new,False
6_hist_fig_isamerican,24,0.05,logreg,0.974434325035418,0.9629710584901842,128,layer_24/width_16k/jumprelu_32,False
7_hist_fig_ispolitician,24,0.05,logreg,0.6113215948188625,0.6605504958510423,128,layer_24/width_16k/standard_new,True
21_headline_istrump,24,0.05,logreg,0.9533292855697226,0.9407812183768467,128,layer_24/width_16k/standard_new,False
22_headline_isobama,24,0.05,logreg,0.8947368421052632,0.9389473684210526,128,layer_24/width_16k/topk_32,True
23_headline_ischina,24,0.05,logreg,0.9936842105263158,1.0,128,layer_24/width_16k/standard_new,True
24_headline_isiran,24,0.05,logreg,0.92,0.9515789473684211,128,layer_24/width_16k/standard_new,True
26_headline_isfrontpage,24,0.05,logreg,0.7084072050192268,0.7426027120016191,16,layer_24/width_16k/standard_new,True
36_sciq_tf,24,0.05,logreg,0.8999757134183363,0.8756365108277677,128,layer_24/width_16k/standard,False
41_truthqa_tf,24,0.05,logreg,0.648421052631579,0.6757894736842105,128,layer_24/width_16k/jumprelu_32,True
42_temp_sense,24,0.05,logreg,0.8143248175182481,0.8549270072992702,16,layer_24/width_16k/standard,True
44_phys_tf,24,0.05,logreg,0.7235701275045537,0.7025703298927343,128,layer_24/width_16k/p_anneal,False
47_reasoning_tf,24,0.05,logreg,0.5880697050938338,0.583378016085791,16,layer_24/width_16k/gated,False
48_cm_correct,24,0.05,logreg,0.7741024084193482,0.7168022667476219,128,layer_24/width_16k/standard_new,False
49_cm_isshort,24,0.05,logreg,1.0,0.9999919044727787,128,layer_24/width_16k/jumprelu_32,False
50_deon_isvalid,24,0.05,logreg,0.7954907913377859,0.7157903258449705,128,layer_24/width_16k/standard_new,False
51_just_is,24,0.05,logreg,0.8007043108682453,0.7524468731026108,128,layer_24/width_16k/p_anneal,False
52_virtue_is,24,0.05,logreg,0.8788030972643268,0.7952536615654334,128,layer_24/width_16k/standard_new,False
54_cs_tf,24,0.05,logreg,0.6298967820279295,0.6232989273426432,128,layer_24/width_16k/jumprelu_32,False
56_wikidatasex_or_gender,24,0.05,logreg,0.9964055859137826,0.9582513661202186,128,layer_24/width_16k/p_anneal,False
57_wikidatais_alive,24,0.05,logreg,0.970006071645416,0.9499048775551509,128,layer_24/width_16k/standard_new,False
58_wikidatapolitical_party,24,0.05,logreg,0.9108843537414966,0.8270068027210885,128,layer_24/width_16k/standard_new,False
59_wikidata_occupation_isjournalist,24,0.05,logreg,0.9747368421052632,0.9726315789473684,128,layer_24/width_16k/batch_topk_32,False
60_wikidata_occupation_isathlete,24,0.05,logreg,0.9326315789473684,0.9705263157894738,128,layer_24/width_16k/jumprelu_32,True
61_wikidata_occupation_isactor,24,0.05,logreg,0.8252631578947368,0.8968421052631579,128,layer_24/width_16k/batch_topk_32,True
62_wikidata_occupation_ispolitician,24,0.05,logreg,0.9894736842105264,0.9705263157894737,128,layer_24/width_16k/jumprelu_32,False
63_wikidata_occupation_issinger,24,0.05,logreg,0.9326315789473684,0.9915789473684211,128,layer_24/width_16k/standard_new,True
64_wikidata_occupation_isresearcher,24,0.05,logreg,0.9642105263157896,0.9431578947368421,128,layer_24/width_16k/matryoshka_batch_topk_32,False
5_hist_fig_ismale,24,0.1,logreg,0.9928689634421544,0.9655311741064713,128,layer_24/width_16k/standard_new,False
6_hist_fig_isamerican,24,0.1,logreg,0.9692578821810054,0.9691418255281653,128,layer_24/width_16k/topk_32,False
7_hist_fig_ispolitician,24,0.1,logreg,0.6187538954200607,0.6493756581916654,128,layer_24/width_16k/standard_new,True
21_headline_istrump,24,0.1,logreg,0.9738958499000624,0.9417567538524361,128,layer_24/width_16k/standard_new,False
22_headline_isobama,24,0.1,logreg,0.8888888888888888,0.9311111111111112,16,layer_24/width_16k/standard_new,True
23_headline_ischina,24,0.1,logreg,0.9544444444444444,0.9333333333333335,128,layer_24/width_16k/standard_new,False
24_headline_isiran,24,0.1,logreg,0.9866666666666668,0.96,128,layer_24/width_16k/jumprelu_32,False
26_headline_isfrontpage,24,0.1,logreg,0.7135270476477036,0.7040168497066346,128,layer_24/width_16k/gated,False
36_sciq_tf,24,0.1,logreg,0.9236948999548668,0.8968772163596896,128,layer_24/width_16k/standard_new,False
41_truthqa_tf,24,0.1,logreg,0.8155555555555556,0.8922222222222222,128,layer_24/width_16k/jumprelu_32,True
42_temp_sense,24,0.1,logreg,0.8564102564102564,0.8815384615384616,128,layer_24/width_16k/gated,True
44_phys_tf,24,0.1,logreg,0.7354359646671969,0.7649766812095682,128,layer_24/width_16k/standard_new,True
47_reasoning_tf,24,0.1,logreg,0.5838881019830029,0.5796033994334278,128,layer_24/width_16k/jumprelu_32,False
48_cm_correct,24,0.1,logreg,0.7757484579509554,0.7620623697049153,128,layer_24/width_16k/standard_new,False
49_cm_isshort,24,0.1,logreg,0.9999828064218016,0.9999355240817555,128,layer_24/width_16k/gated,False
50_deon_isvalid,24,0.1,logreg,0.8029572954501494,0.7984353843839326,128,layer_24/width_16k/standard_new,False
51_just_is,24,0.1,logreg,0.8394614111629306,0.8077414085838939,128,layer_24/width_16k/p_anneal,False
52_virtue_is,24,0.1,logreg,0.922387700019279,0.8159870830923462,128,layer_24/width_16k/gated,False
54_cs_tf,24,0.1,logreg,0.6415439833222292,0.5933718756044617,128,layer_24/width_16k/standard_new,False
56_wikidatasex_or_gender,24,0.1,logreg,0.9961443400889768,0.9581895162156935,128,layer_24/width_16k/p_anneal,False
57_wikidatais_alive,24,0.1,logreg,0.9768295041801888,0.9524769498592275,128,layer_24/width_16k/standard_new,False
58_wikidatapolitical_party,24,0.1,logreg,0.8762216154067259,0.8418726645587812,128,layer_24/width_16k/standard_new,False
59_wikidata_occupation_isjournalist,24,0.1,logreg,0.8611111111111112,0.8388888888888888,128,layer_24/width_16k/matryoshka_batch_topk_32,False
60_wikidata_occupation_isathlete,24,0.1,logreg,0.9522222222222222,0.9866666666666666,128,layer_24/width_16k/matryoshka_batch_topk_32,True
61_wikidata_occupation_isactor,24,0.1,logreg,0.97,0.9644444444444444,128,layer_24/width_16k/jumprelu_32,False
62_wikidata_occupation_ispolitician,24,0.1,logreg,0.9244444444444444,0.88,128,layer_24/width_16k/batch_topk_32,False
63_wikidata_occupation_issinger,24,0.1,logreg,0.898888888888889,0.9488888888888889,128,layer_24/width_16k/batch_topk_32,True
64_wikidata_occupation_isresearcher,24,0.1,logreg,0.9466666666666668,0.98,128,layer_24/width_16k/gated,True
5_hist_fig_ismale,24,0.15,logreg,0.9917620415545728,0.9691547733041509,128,layer_24/width_16k/standard_new,False
6_hist_fig_isamerican,24,0.15,logreg,0.9792865502409072,0.9723162038514735,128,layer_24/width_16k/standard_new,False
7_hist_fig_ispolitician,24,0.15,logreg,0.6497818916906053,0.7066542033347013,128,layer_24/width_16k/topk_32,True
21_headline_istrump,24,0.15,logreg,0.9598893499308436,0.9367805085647409,128,layer_24/width_16k/standard,False
22_headline_isobama,24,0.15,logreg,0.9654901960784312,0.9176470588235295,128,layer_24/width_16k/standard_new,False
23_headline_ischina,24,0.15,logreg,0.9788235294117646,0.9419607843137255,128,layer_24/width_16k/jumprelu_32,False
24_headline_isiran,24,0.15,logreg,0.9733333333333334,0.9749019607843137,128,layer_24/width_16k/standard_new,True
26_headline_isfrontpage,24,0.15,logreg,0.7306400376939796,0.733634277202742,128,layer_24/width_16k/jumprelu_32,True
36_sciq_tf,24,0.15,logreg,0.9221208943200644,0.8962989983736871,128,layer_24/width_16k/standard_new,False
41_truthqa_tf,24,0.15,logreg,0.6635294117647058,0.7270588235294118,128,layer_24/width_16k/batch_topk_32,True
42_temp_sense,24,0.15,logreg,0.8902439024390244,0.8532889874353289,128,layer_24/width_16k/p_anneal,False
44_phys_tf,24,0.15,logreg,0.7974313376803004,0.7810739744349704,128,layer_24/width_16k/standard_new,False
47_reasoning_tf,24,0.15,logreg,0.6426976555363848,0.6106262052166853,128,layer_24/width_16k/standard,False
48_cm_correct,24,0.15,logreg,0.8028088094478136,0.7716808779049443,128,layer_24/width_16k/standard_new,False
49_cm_isshort,24,0.15,logreg,1.0,0.9999756813034821,128,layer_24/width_16k/batch_topk_32,False
50_deon_isvalid,24,0.15,logreg,0.8564680133144864,0.827826668490569,128,layer_24/width_16k/standard_new,False
51_just_is,24,0.15,logreg,0.8300867873481982,0.7904579514538022,128,layer_24/width_16k/standard_new,False
52_virtue_is,24,0.15,logreg,0.9410940073224178,0.8610101670001225,128,layer_24/width_16k/gated,False
54_cs_tf,24,0.15,logreg,0.6410621190704179,0.6129314668733756,128,layer_24/width_16k/jumprelu_32,False
56_wikidatasex_or_gender,24,0.15,logreg,0.9983706473333028,0.978274284498351,128,layer_24/width_16k/p_anneal,False
57_wikidatais_alive,24,0.15,logreg,0.9813764382229112,0.9609198546957883,128,layer_24/width_16k/standard_new,False
58_wikidatapolitical_party,24,0.15,logreg,0.9203793899000255,0.869802614714176,128,layer_24/width_16k/p_anneal,False
59_wikidata_occupation_isjournalist,24,0.15,logreg,0.9482352941176472,0.9639215686274509,128,layer_24/width_16k/topk_32,True
60_wikidata_occupation_isathlete,24,0.15,logreg,0.9576470588235294,0.9317647058823529,128,layer_24/width_16k/jumprelu_32,False
61_wikidata_occupation_isactor,24,0.15,logreg,0.9788235294117648,0.9701960784313726,128,layer_24/width_16k/batch_topk_32,False
62_wikidata_occupation_ispolitician,24,0.15,logreg,0.935686274509804,0.9192156862745098,128,layer_24/width_16k/standard_new,False
63_wikidata_occupation_issinger,24,0.15,logreg,0.916078431372549,0.8964705882352941,128,layer_24/width_16k/jumprelu_32,False
64_wikidata_occupation_isresearcher,24,0.15,logreg,0.9882352941176472,0.9780392156862745,128,layer_24/width_16k/matryoshka_batch_topk_32,False
5_hist_fig_ismale,24,0.2,logreg,0.9900229291228884,0.9761904761904763,128,layer_24/width_16k/standard_new,False
6_hist_fig_isamerican,24,0.2,logreg,0.9768398928039318,0.9652507691414639,128,layer_24/width_16k/standard_new,False
7_hist_fig_ispolitician,24,0.2,logreg,0.6454693214140594,0.6535803777016698,128,layer_24/width_16k/standard,True
21_headline_istrump,24,0.2,logreg,0.9694036493101914,0.9382606760705094,128,layer_24/width_16k/p_anneal,False
22_headline_isobama,24,0.2,logreg,0.94625,0.951875,128,layer_24/width_16k/p_anneal,True
23_headline_ischina,24,0.2,logreg,0.988125,0.984375,128,layer_24/width_16k/standard_new,False
24_headline_isiran,24,0.2,logreg,0.9575,0.94,128,layer_24/width_16k/standard_new,False
26_headline_isfrontpage,24,0.2,logreg,0.7353427758750798,0.7626424604787058,128,layer_24/width_16k/standard_new,True
36_sciq_tf,24,0.2,logreg,0.919775884754552,0.9055673264836208,128,layer_24/width_16k/standard_new,False
41_truthqa_tf,24,0.2,logreg,0.901875,0.9025000000000001,128,layer_24/width_16k/topk_32,True
42_temp_sense,24,0.2,logreg,0.9036860879904876,0.8558263971462545,128,layer_24/width_16k/standard,False
44_phys_tf,24,0.2,logreg,0.8221106402739885,0.814257173816296,128,layer_24/width_16k/standard_new,False
47_reasoning_tf,24,0.2,logreg,0.712650165282593,0.6849955655889705,128,layer_24/width_16k/standard_new,False
48_cm_correct,24,0.2,logreg,0.8199422902033628,0.7778245389988584,128,layer_24/width_16k/standard,False
49_cm_isshort,24,0.2,logreg,1.0,0.9998669723883051,128,layer_24/width_16k/matryoshka_batch_topk_32,False
50_deon_isvalid,24,0.2,logreg,0.8546250072560515,0.8123633443625315,128,layer_24/width_16k/standard_new,False
51_just_is,24,0.2,logreg,0.8581550763336624,0.8211044677928059,128,layer_24/width_16k/standard_new,False
52_virtue_is,24,0.2,logreg,0.9548829565670152,0.8976900464268668,128,layer_24/width_16k/jumprelu_32,False
54_cs_tf,24,0.2,logreg,0.6325801551827558,0.6291407867494825,128,layer_24/width_16k/jumprelu_32,False
56_wikidatasex_or_gender,24,0.2,logreg,0.997772392175074,0.9777335964861361,128,layer_24/width_16k/p_anneal,False
57_wikidatais_alive,24,0.2,logreg,0.9840052437065848,0.9629360886979741,128,layer_24/width_16k/standard_new,False
58_wikidatapolitical_party,24,0.2,logreg,0.9495943907708616,0.8941747177041295,128,layer_24/width_16k/standard_new,False
59_wikidata_occupation_isjournalist,24,0.2,logreg,0.948125,0.88875,128,layer_24/width_16k/topk_32,False
60_wikidata_occupation_isathlete,24,0.2,logreg,0.9775,0.960625,16,layer_24/width_16k/batch_topk_32,False
61_wikidata_occupation_isactor,24,0.2,logreg,0.93875,0.884375,16,layer_24/width_16k/batch_topk_32,False
62_wikidata_occupation_ispolitician,24,0.2,logreg,0.975625,0.9475,128,layer_24/width_16k/batch_topk_32,False
63_wikidata_occupation_issinger,24,0.2,logreg,0.95,0.94875,128,layer_24/width_16k/batch_topk_32,False
64_wikidata_occupation_isresearcher,24,0.2,logreg,0.930625,0.8875,16,layer_24/width_16k/matryoshka_batch_topk_32,False
5_hist_fig_ismale,24,0.25,logreg,0.9871303780102808,0.9778516057585824,128,layer_24/width_16k/standard_new,False
6_hist_fig_isamerican,24,0.25,logreg,0.9780478835060578,0.9630109419679015,128,layer_24/width_16k/batch_topk_32,False
7_hist_fig_ispolitician,24,0.25,logreg,0.6642865407183353,0.6818616634435795,128,layer_24/width_16k/standard_new,True
21_headline_istrump,24,0.25,logreg,0.9735417596403364,0.9517445992628222,128,layer_24/width_16k/standard_new,False
22_headline_isobama,24,0.25,logreg,0.9728,0.9578666666666666,128,layer_24/width_16k/standard_new,False
23_headline_ischina,24,0.25,logreg,0.9893333333333334,0.976,128,layer_24/width_16k/standard_new,False
24_headline_isiran,24,0.25,logreg,0.9925333333333332,0.9765333333333333,128,layer_24/width_16k/p_anneal,False
26_headline_isfrontpage,24,0.25,logreg,0.700969818680683,0.7442211698980181,128,layer_24/width_16k/gated,True
36_sciq_tf,24,0.25,logreg,0.9309804796614932,0.8896712451033868,128,layer_24/width_16k/standard_new,False
41_truthqa_tf,24,0.25,logreg,0.9088,0.8074666666666667,128,layer_24/width_16k/standard_new,False
42_temp_sense,24,0.25,logreg,0.9474474474474476,0.8638638638638639,128,layer_24/width_16k/topk_32,False
44_phys_tf,24,0.25,logreg,0.7811069238524984,0.7735553957785822,128,layer_24/width_16k/standard_new,False
47_reasoning_tf,24,0.25,logreg,0.6352298495155637,0.6631278774135917,128,layer_24/width_16k/standard_new,True
48_cm_correct,24,0.25,logreg,0.8111105601560304,0.7632931687079552,128,layer_24/width_16k/p_anneal,False
49_cm_isshort,24,0.25,logreg,0.9999938017553428,0.9999876035106857,128,layer_24/width_16k/gated,False
50_deon_isvalid,24,0.25,logreg,0.8714835291978644,0.813753078461513,128,layer_24/width_16k/jumprelu_32,False
51_just_is,24,0.25,logreg,0.8645456273450025,0.8302982595329003,128,layer_24/width_16k/standard,False
52_virtue_is,24,0.25,logreg,0.936717122621858,0.8823311577095775,128,layer_24/width_16k/standard_new,False
54_cs_tf,24,0.25,logreg,0.6559850250409084,0.6250103304077619,128,layer_24/width_16k/jumprelu_32,False
56_wikidatasex_or_gender,24,0.25,logreg,0.9978078874729344,0.9782255665195616,128,layer_24/width_16k/standard,False
57_wikidatais_alive,24,0.25,logreg,0.9854361911373366,0.9621411216343532,128,layer_24/width_16k/standard_new,False
58_wikidatapolitical_party,24,0.25,logreg,0.9208285545476662,0.878879505091579,128,layer_24/width_16k/standard,False
59_wikidata_occupation_isjournalist,24,0.25,logreg,0.8810666666666667,0.8725333333333332,128,layer_24/width_16k/jumprelu_32,False
60_wikidata_occupation_isathlete,24,0.25,logreg,0.9728,0.9440000000000001,128,layer_24/width_16k/gated,False
61_wikidata_occupation_isactor,24,0.25,logreg,0.8938666666666666,0.9173333333333333,128,layer_24/width_16k/topk_32,True
62_wikidata_occupation_ispolitician,24,0.25,logreg,0.9936,0.9765333333333333,128,layer_24/width_16k/batch_topk_32,False
63_wikidata_occupation_issinger,24,0.25,logreg,0.9530666666666666,0.9354666666666667,128,layer_24/width_16k/matryoshka_batch_topk_32,False
64_wikidata_occupation_isresearcher,24,0.25,logreg,0.96,0.9429333333333334,16,layer_24/width_16k/matryoshka_batch_topk_32,False
5_hist_fig_ismale,24,0.3,logreg,0.994599164217894,0.9666942307408337,128,layer_24/width_16k/standard_new,False
6_hist_fig_isamerican,24,0.3,logreg,0.977341777292125,0.9738282807400953,128,layer_24/width_16k/topk_32,False
7_hist_fig_ispolitician,24,0.3,logreg,0.6743559974011015,0.6820197944507612,128,layer_24/width_16k/standard_new,True
21_headline_istrump,24,0.3,logreg,0.97931217790641,0.9555806175337044,128,layer_24/width_16k/standard_new,False
22_headline_isobama,24,0.3,logreg,0.990952380952381,0.9923809523809524,128,layer_24/width_16k/standard_new,True
23_headline_ischina,24,0.3,logreg,0.9738095238095238,0.9299999999999999,128,layer_24/width_16k/gated,False
24_headline_isiran,24,0.3,logreg,0.9933333333333332,0.96,128,layer_24/width_16k/standard,False
26_headline_isfrontpage,24,0.3,logreg,0.7392758523943828,0.7729507833611434,128,layer_24/width_16k/gated,True
36_sciq_tf,24,0.3,logreg,0.9277744348134256,0.9098820897505944,128,layer_24/width_16k/standard_new,False
41_truthqa_tf,24,0.3,logreg,0.8838095238095238,0.822857142857143,128,layer_24/width_16k/standard_new,False
42_temp_sense,24,0.3,logreg,0.9464446444644464,0.885013501350135,128,layer_24/width_16k/jumprelu_32,False
44_phys_tf,24,0.3,logreg,0.8020776420903413,0.7904730438121115,128,layer_24/width_16k/standard_new,False
47_reasoning_tf,24,0.3,logreg,0.7023112480739598,0.6718952234206472,128,layer_24/width_16k/standard_new,False
48_cm_correct,24,0.3,logreg,0.7902736964900104,0.7795883108636907,128,layer_24/width_16k/standard_new,False
49_cm_isshort,24,0.3,logreg,1.0,0.9999464715523989,128,layer_24/width_16k/jumprelu_32,False
50_deon_isvalid,24,0.3,logreg,0.8769214866880288,0.8548087004031246,128,layer_24/width_16k/standard_new,False
51_just_is,24,0.3,logreg,0.8526823289673808,0.8194393171985056,128,layer_24/width_16k/standard,False
52_virtue_is,24,0.3,logreg,0.956671544554128,0.8904025497296493,128,layer_24/width_16k/gated,False
54_cs_tf,24,0.3,logreg,0.6844331891141595,0.6530729020540158,128,layer_24/width_16k/standard_new,False
56_wikidatasex_or_gender,24,0.3,logreg,0.9981338875681104,0.979251266224657,128,layer_24/width_16k/standard,False
57_wikidatais_alive,24,0.3,logreg,0.9832031423044548,0.9594900400171291,128,layer_24/width_16k/standard_new,False
58_wikidatapolitical_party,24,0.3,logreg,0.9576834469661591,0.9141371688303602,128,layer_24/width_16k/standard,False
59_wikidata_occupation_isjournalist,24,0.3,logreg,0.930952380952381,0.9547619047619047,128,layer_24/width_16k/standard,True
60_wikidata_occupation_isathlete,24,0.3,logreg,0.9604761904761904,0.9571428571428572,128,layer_24/width_16k/matryoshka_batch_topk_32,False
61_wikidata_occupation_isactor,24,0.3,logreg,0.9538095238095238,0.9438095238095238,128,layer_24/width_16k/topk_32,False
62_wikidata_occupation_ispolitician,24,0.3,logreg,0.9776190476190476,0.9600000000000001,128,layer_24/width_16k/standard_new,False
63_wikidata_occupation_issinger,24,0.3,logreg,0.9440476190476192,0.9266666666666667,128,layer_24/width_16k/matryoshka_batch_topk_32,False
64_wikidata_occupation_isresearcher,24,0.3,logreg,0.9623809523809524,0.9404761904761905,128,layer_24/width_16k/jumprelu_32,False
5_hist_fig_ismale,24,0.35,logreg,0.9923042732655664,0.9773777309271486,128,layer_24/width_16k/standard_new,False
6_hist_fig_isamerican,24,0.35,logreg,0.9767527405063616,0.9739564618389704,128,layer_24/width_16k/topk_32,False
7_hist_fig_ispolitician,24,0.35,logreg,0.6604564984528507,0.6949638033477008,128,layer_24/width_16k/matryoshka_batch_topk_32,True
21_headline_istrump,24,0.35,logreg,0.9720048568737876,0.9375196906041972,128,layer_24/width_16k/jumprelu_32,False
22_headline_isobama,24,0.35,logreg,0.9832967032967032,0.9683516483516483,128,layer_24/width_16k/standard_new,False
23_headline_ischina,24,0.35,logreg,0.9762637362637364,0.9494505494505494,128,layer_24/width_16k/gated,False
24_headline_isiran,24,0.35,logreg,0.9986813186813188,0.9815384615384616,128,layer_24/width_16k/p_anneal,False
26_headline_isfrontpage,24,0.35,logreg,0.7433486203379035,0.7603170251137158,128,layer_24/width_16k/gated,True
36_sciq_tf,24,0.35,logreg,0.9247491097718188,0.8826925336634825,128,layer_24/width_16k/standard_new,False
41_truthqa_tf,24,0.35,logreg,0.887032967032967,0.807032967032967,128,layer_24/width_16k/standard_new,False
42_temp_sense,24,0.35,logreg,0.9282436378806842,0.8702544847726323,128,layer_24/width_16k/p_anneal,False
44_phys_tf,24,0.35,logreg,0.815200380103166,0.8018712247257791,128,layer_24/width_16k/standard_new,False
47_reasoning_tf,24,0.35,logreg,0.6884342142654163,0.6977834612105713,128,layer_24/width_16k/jumprelu_32,True
48_cm_correct,24,0.35,logreg,0.7607070055125176,0.7802366789337358,128,layer_24/width_16k/standard_new,True
49_cm_isshort,24,0.35,logreg,0.999998297028826,0.9999761584035667,128,layer_24/width_16k/gated,False
50_deon_isvalid,24,0.35,logreg,0.8699211013455175,0.8494931106301165,128,layer_24/width_16k/standard_new,False
51_just_is,24,0.35,logreg,0.8567077480079495,0.8137528546054301,128,layer_24/width_16k/standard_new,False
52_virtue_is,24,0.35,logreg,0.9605016368518966,0.9154356852813209,128,layer_24/width_16k/gated,False
54_cs_tf,24,0.35,logreg,0.6495728096810506,0.6254621438022918,128,layer_24/width_16k/standard_new,False
56_wikidatasex_or_gender,24,0.35,logreg,0.9992166332600488,0.9875308450653856,128,layer_24/width_16k/p_anneal,False
57_wikidatais_alive,24,0.35,logreg,0.9847277545132992,0.9615503168377868,128,layer_24/width_16k/standard_new,False
58_wikidatapolitical_party,24,0.35,logreg,0.9526605978807112,0.8855641386439996,128,layer_24/width_16k/standard_new,False
59_wikidata_occupation_isjournalist,24,0.35,logreg,0.938021978021978,0.9164835164835164,128,layer_24/width_16k/p_anneal,False
60_wikidata_occupation_isathlete,24,0.35,logreg,0.9652747252747252,0.9406593406593406,128,layer_24/width_16k/batch_topk_32,False
61_wikidata_occupation_isactor,24,0.35,logreg,0.9749450549450548,0.9542857142857143,128,layer_24/width_16k/topk_32,False
62_wikidata_occupation_ispolitician,24,0.35,logreg,0.9709890109890108,0.9556043956043956,128,layer_24/width_16k/batch_topk_32,False
63_wikidata_occupation_issinger,24,0.35,logreg,0.898021978021978,0.898021978021978,128,layer_24/width_16k/gated,False
64_wikidata_occupation_isresearcher,24,0.35,logreg,0.9802197802197802,0.9657142857142857,128,layer_24/width_16k/matryoshka_batch_topk_32,False
5_hist_fig_ismale,24,0.4,logreg,0.9945866419900228,0.9783578727053386,128,layer_24/width_16k/standard_new,False
6_hist_fig_isamerican,24,0.4,logreg,0.9813713947956184,0.974460965522142,128,layer_24/width_16k/topk_32,False
7_hist_fig_ispolitician,24,0.4,logreg,0.6858152901524365,0.7026464408624552,128,layer_24/width_16k/standard_new,True
21_headline_istrump,24,0.4,logreg,0.9737536114623656,0.9328352785569975,128,layer_24/width_16k/standard_new,False
22_headline_isobama,24,0.4,logreg,0.9933333333333334,0.97375,128,layer_24/width_16k/standard_new,False
23_headline_ischina,24,0.4,logreg,0.9633333333333332,0.9433333333333334,128,layer_24/width_16k/standard_new,False
24_headline_isiran,24,0.4,logreg,0.9833333333333334,0.9750000000000001,128,layer_24/width_16k/standard_new,False
26_headline_isfrontpage,24,0.4,logreg,0.7297632947841521,0.7517817085991967,128,layer_24/width_16k/standard_new,True
36_sciq_tf,24,0.4,logreg,0.9316959217324038,0.8959688893410785,128,layer_24/width_16k/standard_new,False
41_truthqa_tf,24,0.4,logreg,0.8858333333333334,0.8841666666666667,128,layer_24/width_16k/standard_new,False
42_temp_sense,24,0.4,logreg,0.9514466904478794,0.8983353151010701,128,layer_24/width_16k/standard_new,False
44_phys_tf,24,0.4,logreg,0.7736362036081517,0.7753682520764394,128,layer_24/width_16k/standard_new,True
47_reasoning_tf,24,0.4,logreg,0.7131430110422838,0.7176676541879882,128,layer_24/width_16k/standard_new,True
48_cm_correct,24,0.4,logreg,0.799811533747087,0.7875660721985631,128,layer_24/width_16k/standard,False
49_cm_isshort,24,0.4,logreg,0.9999935401455728,0.9999838503639321,128,layer_24/width_16k/jumprelu_32,False
50_deon_isvalid,24,0.4,logreg,0.8738939517997961,0.8293968595417702,128,layer_24/width_16k/standard_new,False
51_just_is,24,0.4,logreg,0.858083458089272,0.8228804813883519,128,layer_24/width_16k/p_anneal,False
52_virtue_is,24,0.4,logreg,0.9549341926607166,0.8934428010210548,128,layer_24/width_16k/standard_new,False
54_cs_tf,24,0.4,logreg,0.6846630136189881,0.6456366105789806,128,layer_24/width_16k/standard_new,False
56_wikidatasex_or_gender,24,0.4,logreg,0.9991359944703646,0.9876762127165465,128,layer_24/width_16k/standard,False
57_wikidatais_alive,24,0.4,logreg,0.98935738983122,0.9638377349166436,128,layer_24/width_16k/standard_new,False
58_wikidatapolitical_party,24,0.4,logreg,0.9516616314199396,0.9120328788002504,128,layer_24/width_16k/standard_new,False
59_wikidata_occupation_isjournalist,24,0.4,logreg,0.9383333333333332,0.8891666666666667,128,layer_24/width_16k/jumprelu_32,False
60_wikidata_occupation_isathlete,24,0.4,logreg,0.9795833333333334,0.9650000000000001,128,layer_24/width_16k/matryoshka_batch_topk_32,False
61_wikidata_occupation_isactor,24,0.4,logreg,0.9554166666666666,0.9404166666666666,128,layer_24/width_16k/standard_new,False
62_wikidata_occupation_ispolitician,24,0.4,logreg,0.9804166666666668,0.9658333333333333,128,layer_24/width_16k/gated,False
63_wikidata_occupation_issinger,24,0.4,logreg,0.8970833333333333,0.8779166666666667,128,layer_24/width_16k/p_anneal,False
64_wikidata_occupation_isresearcher,24,0.4,logreg,0.9841666666666666,0.9550000000000001,128,layer_24/width_16k/gated,False
5_hist_fig_ismale,24,0.45,logreg,0.9946805261204024,0.980061371315254,128,layer_24/width_16k/standard_new,False
6_hist_fig_isamerican,24,0.45,logreg,0.9822590220375966,0.976383478303094,128,layer_24/width_16k/topk_32,False
7_hist_fig_ispolitician,24,0.45,logreg,0.6794531405415651,0.6979773154827078,128,layer_24/width_16k/standard_new,True
21_headline_istrump,24,0.45,logreg,0.9771165506751942,0.9537992102241666,128,layer_24/width_16k/standard_new,False
22_headline_isobama,24,0.45,logreg,0.9717171717171716,0.9604040404040405,128,layer_24/width_16k/standard_new,False
23_headline_ischina,24,0.45,logreg,0.9688888888888888,0.9797979797979799,128,layer_24/width_16k/standard,True
24_headline_isiran,24,0.45,logreg,0.9838383838383838,0.972929292929293,128,layer_24/width_16k/p_anneal,False
26_headline_isfrontpage,24,0.45,logreg,0.7554279466611531,0.7707425803834218,128,layer_24/width_16k/standard_new,True
36_sciq_tf,24,0.45,logreg,0.9270342366727288,0.8787532757213635,128,layer_24/width_16k/gated,False
41_truthqa_tf,24,0.45,logreg,0.9175757575757576,0.8533333333333333,128,layer_24/width_16k/jumprelu_32,False
42_temp_sense,24,0.45,logreg,0.922132719601074,0.8722669735327963,128,layer_24/width_16k/standard_new,False
44_phys_tf,24,0.45,logreg,0.7980228975468704,0.7944593512936065,128,layer_24/width_16k/standard_new,False
47_reasoning_tf,24,0.45,logreg,0.702003557229546,0.6896578782172003,128,layer_24/width_16k/standard_new,False
48_cm_correct,24,0.45,logreg,0.8123217247877145,0.7820033865437361,128,layer_24/width_16k/standard_new,False
49_cm_isshort,24,0.45,logreg,1.0,0.9999859024543827,128,layer_24/width_16k/jumprelu_32,False
50_deon_isvalid,24,0.45,logreg,0.8665808282777969,0.8514807905277025,128,layer_24/width_16k/standard_new,False
51_just_is,24,0.45,logreg,0.8624980224276287,0.8216660479410536,128,layer_24/width_16k/standard,False
52_virtue_is,24,0.45,logreg,0.9553695257556764,0.8956149867807073,128,layer_24/width_16k/gated,False
54_cs_tf,24,0.45,logreg,0.6753906978128441,0.6586545615741632,128,layer_24/width_16k/standard_new,False
56_wikidatasex_or_gender,24,0.45,logreg,0.997686436124804,0.9812972561477048,128,layer_24/width_16k/p_anneal,False
57_wikidatais_alive,24,0.45,logreg,0.9869723014556498,0.9561221724631075,128,layer_24/width_16k/standard_new,False
58_wikidatapolitical_party,24,0.45,logreg,0.9639611075882476,0.9196390826463751,128,layer_24/width_16k/standard_new,False
59_wikidata_occupation_isjournalist,24,0.45,logreg,0.936161616161616,0.9026262626262627,128,layer_24/width_16k/standard_new,False
60_wikidata_occupation_isathlete,24,0.45,logreg,0.9652525252525253,0.9264646464646464,128,layer_24/width_16k/batch_topk_32,False
61_wikidata_occupation_isactor,24,0.45,logreg,0.8939393939393939,0.9058585858585858,128,layer_24/width_16k/standard_new,True
62_wikidata_occupation_ispolitician,24,0.45,logreg,0.9664646464646464,0.9494949494949494,128,layer_24/width_16k/topk_32,False
63_wikidata_occupation_issinger,24,0.45,logreg,0.915959595959596,0.9115151515151515,128,layer_24/width_16k/gated,False
64_wikidata_occupation_isresearcher,24,0.45,logreg,0.941010101010101,0.9329292929292929,128,layer_24/width_16k/jumprelu_32,False
5_hist_fig_ismale,24,0.5,logreg,0.9932460620121616,0.9760052976928051,128,layer_24/width_16k/standard_new,False
6_hist_fig_isamerican,24,0.5,logreg,0.9822071342056332,0.9732308326961937,128,layer_24/width_16k/topk_32,False
7_hist_fig_ispolitician,24,0.5,logreg,0.6647565403088357,0.6977818237648669,16,layer_24/width_16k/matryoshka_batch_topk_32,True
21_headline_istrump,24,0.5,logreg,0.9754423402899152,0.9467020466525747,128,layer_24/width_16k/standard,False
22_headline_isobama,24,0.5,logreg,0.9808,0.9412,128,layer_24/width_16k/standard_new,False
23_headline_ischina,24,0.5,logreg,0.9756,0.9548,128,layer_24/width_16k/standard_new,False
24_headline_isiran,24,0.5,logreg,0.9916,0.9652,128,layer_24/width_16k/p_anneal,False
26_headline_isfrontpage,24,0.5,logreg,0.716412146852789,0.7705754727368881,128,layer_24/width_16k/standard_new,True
36_sciq_tf,24,0.5,logreg,0.9380607280605576,0.8971183714867503,128,layer_24/width_16k/gated,False
41_truthqa_tf,24,0.5,logreg,0.9216,0.8472000000000001,128,layer_24/width_16k/batch_topk_32,False
42_temp_sense,24,0.5,logreg,0.9457762557077626,0.8852739726027398,128,layer_24/width_16k/gated,False
44_phys_tf,24,0.5,logreg,0.7980688855149355,0.7867973306824192,128,layer_24/width_16k/jumprelu_32,False
47_reasoning_tf,24,0.5,logreg,0.7261732104009118,0.6942401326012639,128,layer_24/width_16k/standard_new,False
48_cm_correct,24,0.5,logreg,0.7974345891574094,0.7769587583299861,128,layer_24/width_16k/standard,False
49_cm_isshort,24,0.5,logreg,0.9999984491531602,0.9999627796758419,128,layer_24/width_16k/jumprelu_32,False
50_deon_isvalid,24,0.5,logreg,0.8833701142508866,0.8572879720971636,128,layer_24/width_16k/standard_new,False
51_just_is,24,0.5,logreg,0.8650716723867068,0.8307638385940644,128,layer_24/width_16k/standard,False
52_virtue_is,24,0.5,logreg,0.9611695711271252,0.900679967044542,128,layer_24/width_16k/standard_new,False
54_cs_tf,24,0.5,logreg,0.6905998520492115,0.6506826052365894,128,layer_24/width_16k/standard_new,False
56_wikidatasex_or_gender,24,0.5,logreg,0.9993889663450728,0.9878041404508933,128,layer_24/width_16k/standard,False
57_wikidatais_alive,24,0.5,logreg,0.9844791248261112,0.9619546253231576,128,layer_24/width_16k/standard_new,False
58_wikidatapolitical_party,24,0.5,logreg,0.9688301156281064,0.918118558049495,128,layer_24/width_16k/standard_new,False
59_wikidata_occupation_isjournalist,24,0.5,logreg,0.9556,0.93,128,layer_24/width_16k/standard_new,False
60_wikidata_occupation_isathlete,24,0.5,logreg,0.9478,0.9236,128,layer_24/width_16k/standard_new,False
61_wikidata_occupation_isactor,24,0.5,logreg,0.9272,0.8839999999999999,128,layer_24/width_16k/standard_new,False
62_wikidata_occupation_ispolitician,24,0.5,logreg,0.9536,0.9359999999999999,128,layer_24/width_16k/matryoshka_batch_topk_32,False
63_wikidata_occupation_issinger,24,0.5,logreg,0.8745999999999999,0.8984,128,layer_24/width_16k/matryoshka_batch_topk_32,True
64_wikidata_occupation_isresearcher,24,0.5,logreg,0.9348,0.9124,128,layer_24/width_16k/gated,False
5_hist_fig_ismale,24,0.55,logreg,0.9928053045211266,0.9800955114626289,128,layer_24/width_16k/standard_new,False
6_hist_fig_isamerican,24,0.55,logreg,0.981330141261704,0.9768334565874079,128,layer_24/width_16k/topk_32,False
7_hist_fig_ispolitician,24,0.55,logreg,0.6929344079417405,0.7035752560133365,128,layer_24/width_16k/standard_new,True
21_headline_istrump,24,0.55,logreg,0.9697029994610245,0.9379708201200787,128,layer_24/width_16k/p_anneal,False
22_headline_isobama,24,0.55,logreg,0.9466666666666668,0.9551515151515151,128,layer_24/width_16k/jumprelu_32,True
23_headline_ischina,24,0.55,logreg,0.9721212121212122,0.9555555555555555,128,layer_24/width_16k/standard_new,False
24_headline_isiran,24,0.55,logreg,0.9927272727272728,0.9624242424242424,128,layer_24/width_16k/standard,False
26_headline_isfrontpage,24,0.55,logreg,0.7555401662049861,0.7781019290307216,128,layer_24/width_16k/gated,True
36_sciq_tf,24,0.55,logreg,0.9357820157681654,0.877326681791404,128,layer_24/width_16k/gated,False
41_truthqa_tf,24,0.55,logreg,0.8634343434343433,0.8432323232323232,128,layer_24/width_16k/matryoshka_batch_topk_32,False
42_temp_sense,24,0.55,logreg,0.9371153846153846,0.9084615384615384,128,layer_24/width_16k/standard,False
44_phys_tf,24,0.55,logreg,0.7863965104473496,0.7815504318070718,128,layer_24/width_16k/standard_new,False
47_reasoning_tf,24,0.55,logreg,0.703327922077922,0.680338814411395,128,layer_24/width_16k/p_anneal,False
48_cm_correct,24,0.55,logreg,0.7866942003735226,0.7613200511399958,128,layer_24/width_16k/standard_new,False
49_cm_isshort,24,0.55,logreg,0.9999952996327448,0.9999968664218297,128,layer_24/width_16k/jumprelu_32,True
50_deon_isvalid,24,0.55,logreg,0.8917380077963425,0.8668871661172461,128,layer_24/width_16k/standard_new,False
51_just_is,24,0.55,logreg,0.8694073463606624,0.8300550883042328,128,layer_24/width_16k/standard_new,False
52_virtue_is,24,0.55,logreg,0.9650218624334908,0.9162642457021442,128,layer_24/width_16k/standard_new,False
54_cs_tf,24,0.55,logreg,0.6888529223750015,0.636686679785914,128,layer_24/width_16k/standard_new,False
56_wikidatasex_or_gender,24,0.55,logreg,0.9990035221418632,0.9842020656547299,128,layer_24/width_16k/standard,False
57_wikidatais_alive,24,0.55,logreg,0.9867590654416466,0.9583939158446246,128,layer_24/width_16k/standard_new,False
58_wikidatapolitical_party,24,0.55,logreg,0.9576679005817028,0.9185748281332629,128,layer_24/width_16k/standard_new,False
59_wikidata_occupation_isjournalist,24,0.55,logreg,0.9587878787878787,0.9381818181818181,128,layer_24/width_16k/matryoshka_batch_topk_32,False
60_wikidata_occupation_isathlete,24,0.55,logreg,0.9773737373737372,0.9701010101010101,128,layer_24/width_16k/jumprelu_32,False
61_wikidata_occupation_isactor,24,0.55,logreg,0.926060606060606,0.9163636363636364,128,layer_24/width_16k/batch_topk_32,False
62_wikidata_occupation_ispolitician,24,0.55,logreg,0.9951515151515152,0.9705050505050504,128,layer_24/width_16k/matryoshka_batch_topk_32,False
63_wikidata_occupation_issinger,24,0.55,logreg,0.9543434343434344,0.9462626262626262,128,layer_24/width_16k/topk_32,False
64_wikidata_occupation_isresearcher,24,0.55,logreg,0.9664646464646464,0.9656565656565657,128,layer_24/width_16k/batch_topk_32,False
5_hist_fig_ismale,24,0.6,logreg,0.9922861648634324,0.9740098369979705,128,layer_24/width_16k/standard_new,False
6_hist_fig_isamerican,24,0.6,logreg,0.9612950970127068,0.96454608911467,128,layer_24/width_16k/batch_topk_32,True
7_hist_fig_ispolitician,24,0.6,logreg,0.6750607541267565,0.7038236320626672,128,layer_24/width_16k/jumprelu_32,True
21_headline_istrump,24,0.6,logreg,0.9758906296454284,0.9391101459391683,128,layer_24/width_16k/standard,False
22_headline_isobama,24,0.6,logreg,0.98625,0.9633333333333334,128,layer_24/width_16k/standard_new,False
23_headline_ischina,24,0.6,logreg,0.9758333333333332,0.97125,128,layer_24/width_16k/standard_new,False
24_headline_isiran,24,0.6,logreg,0.98,0.9708333333333332,128,layer_24/width_16k/standard,False
26_headline_isfrontpage,24,0.6,logreg,0.7190598298884451,0.7571014464652732,128,layer_24/width_16k/standard_new,True
36_sciq_tf,24,0.6,logreg,0.9367526919248716,0.890144905055519,128,layer_24/width_16k/standard_new,False
41_truthqa_tf,24,0.6,logreg,0.8645833333333334,0.8191666666666666,128,layer_24/width_16k/batch_topk_32,False
42_temp_sense,24,0.6,logreg,0.9544193420531114,0.8654379706698375,128,layer_24/width_16k/standard_new,False
44_phys_tf,24,0.6,logreg,0.754900725171598,0.7911479944674966,128,layer_24/width_16k/standard_new,True
47_reasoning_tf,24,0.6,logreg,0.6803411421785599,0.6985048040591602,128,layer_24/width_16k/standard_new,True
48_cm_correct,24,0.6,logreg,0.7812980700869947,0.7745456366903218,128,layer_24/width_16k/p_anneal,False
49_cm_isshort,24,0.6,logreg,1.0,0.9999870735900519,128,layer_24/width_16k/jumprelu_32,False
50_deon_isvalid,24,0.6,logreg,0.8751268403976163,0.8325836015563399,128,layer_24/width_16k/standard_new,False
51_just_is,24,0.6,logreg,0.8764041312806194,0.8249957989167668,128,layer_24/width_16k/standard_new,False
52_virtue_is,24,0.6,logreg,0.9283690718138774,0.8930127919487887,128,layer_24/width_16k/gated,False
54_cs_tf,24,0.6,logreg,0.6928571890228927,0.6276079032070423,128,layer_24/width_16k/standard_new,False
56_wikidatasex_or_gender,24,0.6,logreg,0.999575044272954,0.9879752071457194,128,layer_24/width_16k/standard,False
57_wikidatais_alive,24,0.6,logreg,0.988741096935148,0.9683577642481354,128,layer_24/width_16k/standard_new,False
58_wikidatapolitical_party,24,0.6,logreg,0.9727007577822604,0.9147903832524669,128,layer_24/width_16k/standard_new,False
59_wikidata_occupation_isjournalist,24,0.6,logreg,0.885,0.8645833333333334,16,layer_24/width_16k/standard_new,False
60_wikidata_occupation_isathlete,24,0.6,logreg,0.97375,0.9604166666666667,128,layer_24/width_16k/standard_new,False
61_wikidata_occupation_isactor,24,0.6,logreg,0.8908333333333334,0.8858333333333334,128,layer_24/width_16k/standard_new,False
62_wikidata_occupation_ispolitician,24,0.6,logreg,0.9833333333333332,0.9729166666666667,128,layer_24/width_16k/jumprelu_32,False
63_wikidata_occupation_issinger,24,0.6,logreg,0.9483333333333333,0.9391666666666666,128,layer_24/width_16k/matryoshka_batch_topk_32,False
64_wikidata_occupation_isresearcher,24,0.6,logreg,0.98125,0.9433333333333334,128,layer_24/width_16k/gated,False
5_hist_fig_ismale,24,0.65,logreg,0.9899842857337642,0.973382896333565,128,layer_24/width_16k/standard_new,False
6_hist_fig_isamerican,24,0.65,logreg,0.9802293396599444,0.971727955713721,128,layer_24/width_16k/topk_32,False
7_hist_fig_ispolitician,24,0.65,logreg,0.654371361175877,0.7002614499393245,128,layer_24/width_16k/p_anneal,True
21_headline_istrump,24,0.65,logreg,0.9798049522095416,0.9544047667743827,128,layer_24/width_16k/standard_new,False
22_headline_isobama,24,0.65,logreg,0.9872527472527473,0.9846153846153847,128,layer_24/width_16k/jumprelu_32,False
23_headline_ischina,24,0.65,logreg,0.9978021978021978,0.9701098901098901,128,layer_24/width_16k/standard,False
24_headline_isiran,24,0.65,logreg,0.9973626373626372,0.9916483516483516,128,layer_24/width_16k/p_anneal,False
26_headline_isfrontpage,24,0.65,logreg,0.7458123696159038,0.7703245797030311,128,layer_24/width_16k/standard_new,True
36_sciq_tf,24,0.65,logreg,0.9328641210237112,0.8783661253596216,128,layer_24/width_16k/standard_new,False
41_truthqa_tf,24,0.65,logreg,0.8494505494505495,0.7894505494505495,128,layer_24/width_16k/jumprelu_32,False
42_temp_sense,24,0.65,logreg,0.9665263157894738,0.8776842105263158,128,layer_24/width_16k/standard_new,False
44_phys_tf,24,0.65,logreg,0.7851696186307795,0.7623140535307672,128,layer_24/width_16k/jumprelu_32,False
47_reasoning_tf,24,0.65,logreg,0.6655166514598541,0.6918339416058394,128,layer_24/width_16k/standard_new,True
48_cm_correct,24,0.65,logreg,0.7924677192838929,0.7525207591933571,128,layer_24/width_16k/standard,False
49_cm_isshort,24,0.65,logreg,1.0,0.9999914781636464,128,layer_24/width_16k/jumprelu_32,False
50_deon_isvalid,24,0.65,logreg,0.8883690568713271,0.8465353622121323,128,layer_24/width_16k/standard_new,False
51_just_is,24,0.65,logreg,0.8764453034455489,0.8178116605991193,128,layer_24/width_16k/standard_new,False
52_virtue_is,24,0.65,logreg,0.9638527269599128,0.9089445814455851,128,layer_24/width_16k/standard_new,False
54_cs_tf,24,0.65,logreg,0.6789687896265391,0.6352210905223544,128,layer_24/width_16k/standard_new,False
56_wikidatasex_or_gender,24,0.65,logreg,0.9978678365443612,0.9833091313180894,128,layer_24/width_16k/p_anneal,False
57_wikidatais_alive,24,0.65,logreg,0.9905032655676907,0.9648985560600483,128,layer_24/width_16k/standard_new,False
58_wikidatapolitical_party,24,0.65,logreg,0.9620322394933792,0.9059729418537709,128,layer_24/width_16k/standard,False
59_wikidata_occupation_isjournalist,24,0.65,logreg,0.911868131868132,0.9393406593406592,128,layer_24/width_16k/topk_32,True
60_wikidata_occupation_isathlete,24,0.65,logreg,0.9553846153846154,0.9331868131868132,16,layer_24/width_16k/gated,False
61_wikidata_occupation_isactor,24,0.65,logreg,0.9072527472527474,0.9415384615384617,128,layer_24/width_16k/standard_new,True
62_wikidata_occupation_ispolitician,24,0.65,logreg,0.9898901098901098,0.9393406593406594,128,layer_24/width_16k/gated,False
63_wikidata_occupation_issinger,24,0.65,logreg,0.9709890109890112,0.9595604395604396,128,layer_24/width_16k/batch_topk_32,False
64_wikidata_occupation_isresearcher,24,0.65,logreg,0.9571428571428572,0.949010989010989,128,layer_24/width_16k/gated,False
5_hist_fig_ismale,24,0.7,logreg,0.9928371448371448,0.9777260337260337,128,layer_24/width_16k/standard_new,False
6_hist_fig_isamerican,24,0.7,logreg,0.9766098406098408,0.971993531993532,128,layer_24/width_16k/topk_32,False
7_hist_fig_ispolitician,24,0.7,logreg,0.6781667821667822,0.7085035805035804,128,layer_24/width_16k/p_anneal,True
21_headline_istrump,24,0.7,logreg,0.969079233079233,0.9383728343728344,128,layer_24/width_16k/standard,False
22_headline_isobama,24,0.7,logreg,0.9833333333333334,0.9771428571428572,128,layer_24/width_16k/standard_new,False
23_headline_ischina,24,0.7,logreg,0.9707142857142858,0.9447619047619048,128,layer_24/width_16k/p_anneal,False
24_headline_isiran,24,0.7,logreg,0.9464285714285714,0.9528571428571428,128,layer_24/width_16k/p_anneal,True
26_headline_isfrontpage,24,0.7,logreg,0.7339635019635019,0.7532418572418573,16,layer_24/width_16k/standard_new,True
36_sciq_tf,24,0.7,logreg,0.935998151998152,0.8741215061215062,128,layer_24/width_16k/gated,False
41_truthqa_tf,24,0.7,logreg,0.7776190476190475,0.8009523809523809,128,layer_24/width_16k/jumprelu_32,True
42_temp_sense,24,0.7,logreg,0.9108527131782946,0.8554491564067488,128,layer_24/width_16k/jumprelu_32,False
44_phys_tf,24,0.7,logreg,0.7880988680988681,0.7667230307230307,128,layer_24/width_16k/standard_new,False
47_reasoning_tf,24,0.7,logreg,0.6897373962591353,0.6815000619348446,128,layer_24/width_16k/standard,False
48_cm_correct,24,0.7,logreg,0.7666435666435666,0.7654368214368215,128,layer_24/width_16k/p_anneal,False
49_cm_isshort,24,0.7,logreg,1.0,0.999996303996304,128,layer_24/width_16k/jumprelu_32,False
50_deon_isvalid,24,0.7,logreg,0.8823229383229384,0.8493841533841534,128,layer_24/width_16k/standard_new,False
51_just_is,24,0.7,logreg,0.8646966966966968,0.8348958188958188,128,layer_24/width_16k/standard_new,False
52_virtue_is,24,0.7,logreg,0.9575919372529542,0.9125514786531737,128,layer_24/width_16k/standard_new,False
54_cs_tf,24,0.7,logreg,0.6482790482790483,0.6443446523446523,128,layer_24/width_16k/standard_new,False
56_wikidatasex_or_gender,24,0.7,logreg,0.9995805035805037,0.9870917070917071,128,layer_24/width_16k/standard,False
57_wikidatais_alive,24,0.7,logreg,0.9881986601986602,0.9635426195426194,128,layer_24/width_16k/standard_new,False
58_wikidatapolitical_party,24,0.7,logreg,0.9670103092783504,0.9161668228678538,128,layer_24/width_16k/standard_new,False
59_wikidata_occupation_isjournalist,24,0.7,logreg,0.951904761904762,0.9285714285714286,128,layer_24/width_16k/standard_new,False
60_wikidata_occupation_isathlete,24,0.7,logreg,0.91,0.9285714285714285,128,layer_24/width_16k/standard_new,True
61_wikidata_occupation_isactor,24,0.7,logreg,0.9795238095238096,0.9833333333333333,128,layer_24/width_16k/topk_32,True
62_wikidata_occupation_ispolitician,24,0.7,logreg,0.9704761904761904,0.9538095238095238,128,layer_24/width_16k/gated,False
63_wikidata_occupation_issinger,24,0.7,logreg,0.9371428571428572,0.9228571428571428,128,layer_24/width_16k/batch_topk_32,False
64_wikidata_occupation_isresearcher,24,0.7,logreg,0.9447619047619048,0.9276190476190476,128,layer_24/width_16k/batch_topk_32,False
5_hist_fig_ismale,24,0.75,logreg,0.9897331360395693,0.9705673575397605,128,layer_24/width_16k/standard_new,False
6_hist_fig_isamerican,24,0.75,logreg,0.9425295681956934,0.9641953208265643,128,layer_24/width_16k/batch_topk_32,True
7_hist_fig_ispolitician,24,0.75,logreg,0.6652455996937119,0.6957419728686582,128,layer_24/width_16k/standard,True
21_headline_istrump,24,0.75,logreg,0.9682919257871918,0.9310396208648503,128,layer_24/width_16k/jumprelu_32,False
22_headline_isobama,24,0.75,logreg,0.9562666666666666,0.9562666666666666,128,layer_24/width_16k/jumprelu_32,False
23_headline_ischina,24,0.75,logreg,0.9877333333333332,0.9754666666666667,128,layer_24/width_16k/standard,False
24_headline_isiran,24,0.75,logreg,0.9829333333333332,0.9632,128,layer_24/width_16k/standard,False
26_headline_isfrontpage,24,0.75,logreg,0.7258885980070571,0.7643670905723243,128,layer_24/width_16k/gated,True
36_sciq_tf,24,0.75,logreg,0.92180337537898,0.8650634823729059,128,layer_24/width_16k/jumprelu_32,False
41_truthqa_tf,24,0.75,logreg,0.8634666666666667,0.8448,128,layer_24/width_16k/standard,False
42_temp_sense,24,0.75,logreg,0.9049439347604484,0.8593272171253823,128,layer_24/width_16k/standard,False
44_phys_tf,24,0.75,logreg,0.7991225256361172,0.774224190560942,128,layer_24/width_16k/standard,False
47_reasoning_tf,24,0.75,logreg,0.6586302317537184,0.6863714977516431,128,layer_24/width_16k/standard_new,True
48_cm_correct,24,0.75,logreg,0.7945613145559338,0.7605509048954378,128,layer_24/width_16k/topk_32,False
49_cm_isshort,24,0.75,logreg,1.0,0.9999958609699817,128,layer_24/width_16k/jumprelu_32,False
50_deon_isvalid,24,0.75,logreg,0.876685878664335,0.8361026893347545,128,layer_24/width_16k/standard_new,False
51_just_is,24,0.75,logreg,0.8796452851274305,0.8439813329746175,128,layer_24/width_16k/standard_new,False
52_virtue_is,24,0.75,logreg,0.9578682686377528,0.90329513890499,128,layer_24/width_16k/gated,False
54_cs_tf,24,0.75,logreg,0.6731511470286938,0.6790844465599486,128,layer_24/width_16k/standard_new,True
56_wikidatasex_or_gender,24,0.75,logreg,0.9936734926170052,0.9717242164298797,128,layer_24/width_16k/standard_new,False
57_wikidatais_alive,24,0.75,logreg,0.9722985068449208,0.9420225370184498,128,layer_24/width_16k/standard,False
58_wikidatapolitical_party,24,0.75,logreg,0.9184302427099704,0.8741924218613585,128,layer_24/width_16k/p_anneal,False
59_wikidata_occupation_isjournalist,24,0.75,logreg,0.9029333333333333,0.8821333333333333,16,layer_24/width_16k/batch_topk_32,False
60_wikidata_occupation_isathlete,24,0.75,logreg,0.9898666666666668,0.9685333333333334,128,layer_24/width_16k/standard_new,False
61_wikidata_occupation_isactor,24,0.75,logreg,0.9637333333333332,0.9461333333333334,128,layer_24/width_16k/gated,False
62_wikidata_occupation_ispolitician,24,0.75,logreg,0.9488,0.9605333333333334,16,layer_24/width_16k/p_anneal,True
63_wikidata_occupation_issinger,24,0.75,logreg,0.9162666666666668,0.8869333333333334,128,layer_24/width_16k/batch_topk_32,False
64_wikidata_occupation_isresearcher,24,0.75,logreg,0.9018666666666666,0.912,128,layer_24/width_16k/batch_topk_32,True
5_hist_fig_ismale,24,0.8,logreg,0.9824672412330144,0.9756791156042037,128,layer_24/width_16k/standard_new,False
6_hist_fig_isamerican,24,0.8,logreg,0.9806756609331247,0.9718510976156708,128,layer_24/width_16k/batch_topk_32,False
7_hist_fig_ispolitician,24,0.8,logreg,0.7034280034425494,0.7176079130150188,128,layer_24/width_16k/p_anneal,True
21_headline_istrump,24,0.8,logreg,0.9146768973417214,0.9191800913972629,128,layer_24/width_16k/standard,True
22_headline_isobama,24,0.8,logreg,0.9725,0.9606250000000001,128,layer_24/width_16k/standard_new,False
23_headline_ischina,24,0.8,logreg,0.980625,0.96875,128,layer_24/width_16k/jumprelu_32,False
24_headline_isiran,24,0.8,logreg,0.99125,0.9875,128,layer_24/width_16k/jumprelu_32,False
26_headline_isfrontpage,24,0.8,logreg,0.7263476247621126,0.753574069360098,128,layer_24/width_16k/jumprelu_32,True
36_sciq_tf,24,0.8,logreg,0.9396875037880168,0.8698110234311551,128,layer_24/width_16k/gated,False
41_truthqa_tf,24,0.8,logreg,0.71,0.7825,128,layer_24/width_16k/batch_topk_32,True
42_temp_sense,24,0.8,logreg,0.8935790725326991,0.8136147443519618,128,layer_24/width_16k/matryoshka_batch_topk_32,False
44_phys_tf,24,0.8,logreg,0.7685273403881353,0.762801071554117,128,layer_24/width_16k/standard_new,False
47_reasoning_tf,24,0.8,logreg,0.5576516076516077,0.6536426536426536,128,layer_24/width_16k/jumprelu_32,True
48_cm_correct,24,0.8,logreg,0.7694219183727893,0.7470089821448053,128,layer_24/width_16k/topk_32,False
49_cm_isshort,24,0.8,logreg,0.9999951513388364,0.9999975756694183,128,layer_24/width_16k/jumprelu_32,True
50_deon_isvalid,24,0.8,logreg,0.8866504236517692,0.8255427470089821,128,layer_24/width_16k/standard_new,False
51_just_is,24,0.8,logreg,0.8669684958240906,0.8252057650581233,128,layer_24/width_16k/standard_new,False
52_virtue_is,24,0.8,logreg,0.9587649044970395,0.9050760924527378,128,layer_24/width_16k/standard_new,False
54_cs_tf,24,0.8,logreg,0.6342557911196771,0.6195376801580663,128,layer_24/width_16k/topk_32,False
56_wikidatasex_or_gender,24,0.8,logreg,0.9990060244614956,0.9742778525279707,128,layer_24/width_16k/p_anneal,False
57_wikidatais_alive,24,0.8,logreg,0.9501630362316206,0.9575911851340049,128,layer_24/width_16k/standard_new,True
58_wikidatapolitical_party,24,0.8,logreg,0.956289759901498,0.8979683972911964,128,layer_24/width_16k/p_anneal,False
59_wikidata_occupation_isjournalist,24,0.8,logreg,0.89375,0.834375,128,layer_24/width_16k/standard_new,False
60_wikidata_occupation_isathlete,24,0.8,logreg,0.98375,0.965,128,layer_24/width_16k/p_anneal,False
61_wikidata_occupation_isactor,24,0.8,logreg,0.953125,0.934375,128,layer_24/width_16k/standard,False
62_wikidata_occupation_ispolitician,24,0.8,logreg,0.99875,0.986875,128,layer_24/width_16k/p_anneal,False
63_wikidata_occupation_issinger,24,0.8,logreg,0.9440625,0.9475,128,layer_24/width_16k/batch_topk_32,True
64_wikidata_occupation_isresearcher,24,0.8,logreg,0.98375,0.970625,128,layer_24/width_16k/batch_topk_32,False
5_hist_fig_ismale,24,0.85,logreg,0.9891013909224012,0.9600445339189849,128,layer_24/width_16k/p_anneal,False
6_hist_fig_isamerican,24,0.85,logreg,0.9695918740849196,0.9610236700829673,128,layer_24/width_16k/batch_topk_32,False
7_hist_fig_ispolitician,24,0.85,logreg,0.6459339921913129,0.7020284285017081,16,layer_24/width_16k/standard_new,True
21_headline_istrump,24,0.85,logreg,0.9529358833577356,0.9343826256710591,128,layer_24/width_16k/p_anneal,False
22_headline_isobama,24,0.85,logreg,0.9937254901960784,0.9678431372549019,128,layer_24/width_16k/topk_32,False
23_headline_ischina,24,0.85,logreg,0.992156862745098,0.9803921568627452,128,layer_24/width_16k/gated,False
24_headline_isiran,24,0.85,logreg,0.9827450980392158,0.9803921568627452,128,layer_24/width_16k/p_anneal,False
26_headline_isfrontpage,24,0.85,logreg,0.6491215226939971,0.7623139336261591,128,layer_24/width_16k/standard_new,True
36_sciq_tf,24,0.85,logreg,0.9027635431918009,0.8310761346998536,128,layer_24/width_16k/gated,False
41_truthqa_tf,24,0.85,logreg,0.8407843137254902,0.8360784313725491,128,layer_24/width_16k/topk_32,False
42_temp_sense,24,0.85,logreg,0.8805683563748079,0.8502304147465438,128,layer_24/width_16k/p_anneal,False
44_phys_tf,24,0.85,logreg,0.7624572962420694,0.7606911908247926,128,layer_24/width_16k/p_anneal,False
47_reasoning_tf,24,0.85,logreg,0.5313432835820895,0.6208955223880597,128,layer_24/width_16k/batch_topk_32,True
48_cm_correct,24,0.85,logreg,0.7547584187408491,0.7254392386530015,128,layer_24/width_16k/topk_32,False
49_cm_isshort,24,0.85,logreg,1.0,0.9999969497315764,128,layer_24/width_16k/jumprelu_32,False
50_deon_isvalid,24,0.85,logreg,0.8615864446071254,0.8382869692532944,128,layer_24/width_16k/standard_new,False
51_just_is,24,0.85,logreg,0.8621156661786237,0.7953483406539775,128,layer_24/width_16k/p_anneal,False
52_virtue_is,24,0.85,logreg,0.9468087286138714,0.8883686780726018,128,layer_24/width_16k/standard_new,False
54_cs_tf,24,0.85,logreg,0.6626342118106394,0.644540019521718,128,layer_24/width_16k/standard_new,False
56_wikidatasex_or_gender,24,0.85,logreg,0.9970153123474866,0.9829612005856515,128,layer_24/width_16k/standard_new,False
57_wikidatais_alive,24,0.85,logreg,0.9870241581259152,0.945802830649097,128,layer_24/width_16k/standard,False
58_wikidatapolitical_party,24,0.85,logreg,0.9474910672673608,0.8785925120397701,128,layer_24/width_16k/standard_new,False
59_wikidata_occupation_isjournalist,24,0.85,logreg,0.8698039215686274,0.8474509803921568,16,layer_24/width_16k/batch_topk_32,False
60_wikidata_occupation_isathlete,24,0.85,logreg,0.8862745098039216,0.8776470588235294,128,layer_24/width_16k/batch_topk_32,False
61_wikidata_occupation_isactor,24,0.85,logreg,0.9654901960784316,0.9380392156862746,128,layer_24/width_16k/topk_32,False
62_wikidata_occupation_ispolitician,24,0.85,logreg,0.996078431372549,0.9937254901960785,128,layer_24/width_16k/standard_new,False
63_wikidata_occupation_issinger,24,0.85,logreg,0.8964705882352941,0.9278431372549021,128,layer_24/width_16k/topk_32,True
64_wikidata_occupation_isresearcher,24,0.85,logreg,0.9474509803921568,0.9450980392156862,128,layer_24/width_16k/batch_topk_32,False
5_hist_fig_ismale,24,0.9,logreg,0.9806362378976488,0.9706172199170124,128,layer_24/width_16k/standard_new,False
6_hist_fig_isamerican,24,0.9,logreg,0.9414851313969572,0.9803812240663901,128,layer_24/width_16k/topk_32,True
7_hist_fig_ispolitician,24,0.9,logreg,0.6726400414937759,0.6936419432918396,16,layer_24/width_16k/standard_new,True
21_headline_istrump,24,0.9,logreg,0.9656811894882434,0.923344571230982,128,layer_24/width_16k/p_anneal,False
22_headline_isobama,24,0.9,logreg,0.99,0.9888888888888889,128,layer_24/width_16k/standard,False
23_headline_ischina,24,0.9,logreg,0.9944444444444444,0.9377777777777777,128,layer_24/width_16k/gated,False
24_headline_isiran,24,0.9,logreg,1.0,1.0,128,layer_24/width_16k/jumprelu_32,False
26_headline_isfrontpage,24,0.9,logreg,0.7419994813278008,0.7674706085753804,128,layer_24/width_16k/standard_new,True
36_sciq_tf,24,0.9,logreg,0.8890905947441218,0.8237206085753804,128,layer_24/width_16k/standard_new,False
41_truthqa_tf,24,0.9,logreg,0.7672222222222222,0.7866666666666666,128,layer_24/width_16k/standard_new,True
42_temp_sense,24,0.9,logreg,0.9280261723009816,0.8042529989094874,128,layer_24/width_16k/batch_topk_32,False
44_phys_tf,24,0.9,logreg,0.6685252420470263,0.6963520055325034,128,layer_24/width_16k/standard_new,True
47_reasoning_tf,24,0.9,logreg,0.6288932348254384,0.6548602057076633,128,layer_24/width_16k/standard,True
48_cm_correct,24,0.9,logreg,0.702472337482711,0.7334759681881051,128,layer_24/width_16k/batch_topk_32,True
49_cm_isshort,24,0.9,logreg,1.0,0.9999956777316735,128,layer_24/width_16k/jumprelu_32,False
50_deon_isvalid,24,0.9,logreg,0.871140214384509,0.8040888658367911,128,layer_24/width_16k/standard_new,False
51_just_is,24,0.9,logreg,0.8376858575380359,0.7971213692946059,128,layer_24/width_16k/standard_new,False
52_virtue_is,24,0.9,logreg,0.9372800170653428,0.8770228733770955,128,layer_24/width_16k/standard_new,False
54_cs_tf,24,0.9,logreg,0.6323478561549102,0.5969052558782849,128,layer_24/width_16k/standard_new,False
56_wikidatasex_or_gender,24,0.9,logreg,0.9985995850622408,0.9808004840940525,128,layer_24/width_16k/standard_new,False
57_wikidatais_alive,24,0.9,logreg,0.9769925656984784,0.9440179806362379,128,layer_24/width_16k/standard_new,False
58_wikidatapolitical_party,24,0.9,logreg,0.9133260313983206,0.8542168674698796,128,layer_24/width_16k/standard_new,False
59_wikidata_occupation_isjournalist,24,0.9,logreg,0.8722222222222222,0.8922222222222222,128,layer_24/width_16k/standard_new,True
60_wikidata_occupation_isathlete,24,0.9,logreg,0.9822222222222222,0.9455555555555556,128,layer_24/width_16k/standard_new,False
61_wikidata_occupation_isactor,24,0.9,logreg,0.9022222222222224,0.8883333333333334,16,layer_24/width_16k/batch_topk_32,False
62_wikidata_occupation_ispolitician,24,0.9,logreg,0.9644444444444444,0.9477777777777778,128,layer_24/width_16k/matryoshka_batch_topk_32,False
63_wikidata_occupation_issinger,24,0.9,logreg,0.9188888888888888,0.9400000000000001,128,layer_24/width_16k/matryoshka_batch_topk_32,True
64_wikidata_occupation_isresearcher,24,0.9,logreg,0.9666666666666668,0.9744444444444444,128,layer_24/width_16k/jumprelu_32,True
5_hist_fig_ismale,24,0.95,logreg,0.9815039318479686,0.9599361074705113,128,layer_24/width_16k/p_anneal,False
6_hist_fig_isamerican,24,0.95,logreg,0.8956422018348624,0.9461500655307995,128,layer_24/width_16k/standard,True
7_hist_fig_ispolitician,24,0.95,logreg,0.6805250655307995,0.6804185779816514,16,layer_24/width_16k/standard_new,False
21_headline_istrump,24,0.95,logreg,0.8580848623853211,0.902760484927916,128,layer_24/width_16k/p_anneal,True
22_headline_isobama,24,0.95,logreg,0.8926315789473684,0.9242105263157896,128,layer_24/width_16k/p_anneal,True
23_headline_ischina,24,0.95,logreg,0.8905263157894737,0.9284210526315789,128,layer_24/width_16k/standard_new,True
24_headline_isiran,24,0.95,logreg,0.9936842105263158,0.9957894736842106,128,layer_24/width_16k/p_anneal,True
26_headline_isfrontpage,24,0.95,logreg,0.6960804390563565,0.702826015727392,128,layer_24/width_16k/topk_32,True
36_sciq_tf,24,0.95,logreg,0.9126638269986894,0.8145806028833551,128,layer_24/width_16k/gated,False
41_truthqa_tf,24,0.95,logreg,0.8273684210526315,0.928421052631579,128,layer_24/width_16k/batch_topk_32,True
42_temp_sense,24,0.95,logreg,0.8178053830227744,0.8643892339544513,128,layer_24/width_16k/standard_new,True
44_phys_tf,24,0.95,logreg,0.6644167758846659,0.760108125819135,128,layer_24/width_16k/p_anneal,True
47_reasoning_tf,24,0.95,logreg,0.5935828877005348,0.5429214748100197,128,layer_24/width_16k/batch_topk_32,False
48_cm_correct,24,0.95,logreg,0.7369593709043252,0.7036123853211009,128,layer_24/width_16k/topk_32,False
49_cm_isshort,24,0.95,logreg,1.0,1.0,128,layer_24/width_16k/jumprelu_32,False
50_deon_isvalid,24,0.95,logreg,0.6782151048492792,0.7656618610747052,128,layer_24/width_16k/standard_new,True
51_just_is,24,0.95,logreg,0.854558486238532,0.816620249017038,128,layer_24/width_16k/standard_new,False
52_virtue_is,24,0.95,logreg,0.9169394359685624,0.8324549237170596,128,layer_24/width_16k/standard,False
54_cs_tf,24,0.95,logreg,0.5790915792922673,0.5840309633027523,16,layer_24/width_16k/matryoshka_batch_topk_32,True
56_wikidatasex_or_gender,24,0.95,logreg,0.9834125163827,0.9864023591087812,128,layer_24/width_16k/standard_new,True
57_wikidatais_alive,24,0.95,logreg,0.947346002621232,0.9050868283093053,128,layer_24/width_16k/jumprelu_32,False
58_wikidatapolitical_party,24,0.95,logreg,0.8522039149415577,0.7920715392198282,128,layer_24/width_16k/standard_new,False
59_wikidata_occupation_isjournalist,24,0.95,logreg,0.7557894736842106,0.9136842105263158,128,layer_24/width_16k/jumprelu_32,True
60_wikidata_occupation_isathlete,24,0.95,logreg,0.9221052631578948,0.9600000000000001,128,layer_24/width_16k/standard_new,True
61_wikidata_occupation_isactor,24,0.95,logreg,0.9452631578947368,0.9747368421052631,128,layer_24/width_16k/gated,True
62_wikidata_occupation_ispolitician,24,0.95,logreg,0.8294736842105263,0.9473684210526315,128,layer_24/width_16k/topk_32,True
63_wikidata_occupation_issinger,24,0.95,logreg,0.7747368421052632,0.92,128,layer_24/width_16k/matryoshka_batch_topk_32,True
64_wikidata_occupation_isresearcher,24,0.95,logreg,0.9515789473684212,0.9557894736842105,128,layer_24/width_16k/jumprelu_32,True
