test_f1,test_acc,test_auc,val_auc,k,dataset,layer,sae_id,reg_type,binarize
0.6272923729653642,0.6321070234113713,0.6754079254079254,0.9244,16,5_hist_fig_ismale,24,layer_24/width_16k/batch_topk_32,l1,False
0.6924453992123165,0.6923076923076923,0.7660480545095929,0.9712,128,5_hist_fig_ismale,24,layer_24/width_16k/batch_topk_32,l1,False
0.5335225736685592,0.5384615384615384,0.5905504751658598,0.8543999999999999,16,5_hist_fig_ismale,24,layer_24/width_16k/p_anneal,l1,False
0.6616760046174371,0.6622073578595318,0.766406670252824,0.984,128,5_hist_fig_ismale,24,layer_24/width_16k/p_anneal,l1,False
0.47159663865546214,0.5633333333333334,0.6919555555555557,0.9604,16,66_living-room,24,layer_24/width_16k/gated,l1,False
0.47849626454703487,0.5633333333333334,0.7268888888888888,0.9676,128,66_living-room,24,layer_24/width_16k/gated,l1,False
0.4723930503747018,0.4766666666666667,0.5003555555555554,0.6156,16,87_glue_cola,24,layer_24/width_16k/standard,l1,False
0.5400432900432901,0.5466666666666666,0.6309777777777777,0.644,128,87_glue_cola,24,layer_24/width_16k/standard,l1,False
0.7596153846153846,0.76,0.8670666666666665,0.9279999999999999,16,6_hist_fig_isamerican,24,layer_24/width_16k/batch_topk_32,l1,False
0.8184182209469154,0.82,0.9013777777777778,0.9688,128,6_hist_fig_isamerican,24,layer_24/width_16k/batch_topk_32,l1,False
0.4431025228126678,0.44666666666666666,0.42657777777777783,0.7424,16,90_glue_qnli,24,layer_24/width_16k/p_anneal,l1,False
0.5241074221368247,0.5266666666666666,0.5435333333333334,0.8044,128,90_glue_qnli,24,layer_24/width_16k/p_anneal,l1,False
0.625,0.6666666666666666,0.9059555555555555,1.0,16,67_social-security,24,layer_24/width_16k/standard_new,l1,False
0.6406298240197592,0.6766666666666666,0.8746222222222223,1.0,128,67_social-security,24,layer_24/width_16k/standard_new,l1,False
0.5989304812834225,0.64,0.7090222222222222,0.9995999999999999,16,67_social-security,24,layer_24/width_16k/standard,l1,False
0.6193840489576595,0.66,0.8763555555555556,1.0,128,67_social-security,24,layer_24/width_16k/standard,l1,False
0.6467817896389325,0.68,0.7452444444444445,1.0,16,67_social-security,24,layer_24/width_16k/batch_topk_32,l1,False
0.6740648766102747,0.6966666666666667,0.8368,1.0,128,67_social-security,24,layer_24/width_16k/batch_topk_32,l1,False
0.46527777777777773,0.4866666666666667,0.4421555555555555,0.6068,16,87_glue_cola,24,layer_24/width_16k/topk_32,l1,False
0.4985648580419822,0.5166666666666667,0.4855555555555556,0.6272,128,87_glue_cola,24,layer_24/width_16k/topk_32,l1,False
0.4864335664335664,0.49,0.5211111111111111,0.6232,16,87_glue_cola,24,layer_24/width_16k/p_anneal,l1,False
0.5714815939535041,0.5766666666666667,0.6321777777777777,0.6351999999999999,128,87_glue_cola,24,layer_24/width_16k/p_anneal,l1,False
0.5292659449623545,0.6033333333333334,0.8079111111111111,0.9388000000000001,16,73_control-group,24,layer_24/width_16k/jumprelu_32,l1,False
0.5238095238095238,0.6,0.7840888888888888,0.9792,128,73_control-group,24,layer_24/width_16k/jumprelu_32,l1,False
0.5013297872340426,0.5333333333333333,0.5129333333333334,0.8523999999999999,16,90_glue_qnli,24,layer_24/width_16k/topk_32,l1,False
0.5048104131295982,0.5333333333333333,0.5117555555555555,0.8492,128,90_glue_qnli,24,layer_24/width_16k/topk_32,l1,False
0.7489931837704571,0.75,0.8512000000000001,0.9627999999999999,16,6_hist_fig_isamerican,24,layer_24/width_16k/jumprelu_32,l1,False
0.7938608842579555,0.7966666666666666,0.8814666666666667,0.9924,128,6_hist_fig_isamerican,24,layer_24/width_16k/jumprelu_32,l1,False
0.5837099464042469,0.6366666666666667,0.8148444444444444,1.0,16,67_social-security,24,layer_24/width_16k/gated,l1,False
0.5662053294773807,0.6266666666666667,0.8525333333333333,1.0,128,67_social-security,24,layer_24/width_16k/gated,l1,False
0.6716724396655798,0.6766666666666666,0.7478222222222222,0.9604,16,66_living-room,24,layer_24/width_16k/batch_topk_32,l1,False
0.5766488413547237,0.62,0.732,0.9672000000000001,128,66_living-room,24,layer_24/width_16k/batch_topk_32,l1,False
0.4652014652014652,0.5133333333333333,0.5420444444444444,0.5932,16,87_glue_cola,24,layer_24/width_16k/standard_new,l1,False
0.5580357142857143,0.56,0.5590666666666667,0.5716,128,87_glue_cola,24,layer_24/width_16k/standard_new,l1,False
0.5221456888587434,0.55,0.6118233618233617,0.6440404040404041,16,7_hist_fig_ispolitician,24,layer_24/width_16k/batch_topk_32,l1,False
0.5760102284272651,0.59,0.6609241452991452,0.7179797979797979,128,7_hist_fig_ispolitician,24,layer_24/width_16k/batch_topk_32,l1,False
0.5866666666666667,0.5866666666666667,0.6421385327635327,0.738989898989899,16,7_hist_fig_ispolitician,24,layer_24/width_16k/p_anneal,l1,False
0.6235234793570754,0.6266666666666667,0.6428507834757835,0.694949494949495,128,7_hist_fig_ispolitician,24,layer_24/width_16k/p_anneal,l1,False
0.5,0.52,0.5331555555555556,0.6604,16,87_glue_cola,24,layer_24/width_16k/batch_topk_32,l1,False
0.5399182076813656,0.54,0.5761999999999999,0.6608,128,87_glue_cola,24,layer_24/width_16k/batch_topk_32,l1,False
0.6193691787815706,0.6354515050167224,0.7198762775685852,0.922,16,5_hist_fig_ismale,24,layer_24/width_16k/jumprelu_32,l1,False
0.6361001499457403,0.6488294314381271,0.808364712210866,0.9772,128,5_hist_fig_ismale,24,layer_24/width_16k/jumprelu_32,l1,False
0.6154363243219019,0.6153846153846154,0.6581047157970235,0.886,16,5_hist_fig_ismale,24,layer_24/width_16k/standard,l1,False
0.6880387669942118,0.6889632107023411,0.802223417608033,0.9896,128,5_hist_fig_ismale,24,layer_24/width_16k/standard,l1,False
0.792722320341189,0.802675585284281,0.802626860319168,0.9468,16,5_hist_fig_ismale,24,layer_24/width_16k/topk_32,l1,False
0.7892976588628763,0.7892976588628763,0.9008427469965932,0.9863999999999999,128,5_hist_fig_ismale,24,layer_24/width_16k/topk_32,l1,False
0.526789000473211,0.6,0.7744888888888889,0.9655999999999999,16,73_control-group,24,layer_24/width_16k/standard_new,l1,False
0.5837099464042469,0.6366666666666667,0.7902222222222222,0.9884,128,73_control-group,24,layer_24/width_16k/standard_new,l1,False
0.6988343116297197,0.7166666666666667,0.8279333333333333,0.9408000000000001,16,73_control-group,24,layer_24/width_16k/topk_32,l1,False
0.6320643642072213,0.6666666666666666,0.6771111111111111,0.968,128,73_control-group,24,layer_24/width_16k/topk_32,l1,False
0.7491946361092843,0.75,0.8128888888888888,0.9608,16,6_hist_fig_isamerican,24,layer_24/width_16k/standard,l1,False
0.7895927601809954,0.7933333333333333,0.8858666666666666,0.9795999999999999,128,6_hist_fig_isamerican,24,layer_24/width_16k/standard,l1,False
0.6701902748414377,0.6966666666666667,0.6601777777777779,1.0,16,67_social-security,24,layer_24/width_16k/topk_32,l1,False
0.658586130520442,0.69,0.7928,1.0,128,67_social-security,24,layer_24/width_16k/topk_32,l1,False
0.6059297536979161,0.61,0.6396456552706552,0.6331313131313131,16,7_hist_fig_ispolitician,24,layer_24/width_16k/topk_32,l1,False
0.6363234231731036,0.6366666666666667,0.6744123931623931,0.6953535353535354,128,7_hist_fig_ispolitician,24,layer_24/width_16k/topk_32,l1,False
0.34482557800943453,0.5,0.5980000000000001,0.9052000000000001,16,66_living-room,24,layer_24/width_16k/standard_new,l1,False
0.4316217449627304,0.5433333333333333,0.7194222222222222,0.9944000000000001,128,66_living-room,24,layer_24/width_16k/standard_new,l1,False
0.6777142857142856,0.6866666666666666,0.7999555555555556,1.0,16,67_social-security,24,layer_24/width_16k/matryoshka_batch_topk_32,l1,False
0.6846618086475889,0.7033333333333334,0.8377333333333334,1.0,128,67_social-security,24,layer_24/width_16k/matryoshka_batch_topk_32,l1,False
0.602629513343799,0.64,0.6301333333333334,0.9695999999999999,16,66_living-room,24,layer_24/width_16k/topk_32,l1,False
0.46697324414715724,0.5466666666666666,0.5411555555555555,0.984,128,66_living-room,24,layer_24/width_16k/topk_32,l1,False
0.7560568086883876,0.7566666666666667,0.8150666666666666,0.9611999999999999,16,6_hist_fig_isamerican,24,layer_24/width_16k/p_anneal,l1,False
0.7867563267931085,0.79,0.8865777777777778,0.9795999999999999,128,6_hist_fig_isamerican,24,layer_24/width_16k/p_anneal,l1,False
0.5913482960115084,0.6433333333333333,0.7400888888888888,1.0,16,67_social-security,24,layer_24/width_16k/jumprelu_32,l1,False
0.5913482960115084,0.6433333333333333,0.8131111111111111,1.0,128,67_social-security,24,layer_24/width_16k/jumprelu_32,l1,False
0.41902499483577776,0.5,0.5421555555555556,0.7652,16,90_glue_qnli,24,layer_24/width_16k/matryoshka_batch_topk_32,l1,False
0.48519948519948525,0.52,0.5651555555555555,0.7739999999999999,128,90_glue_qnli,24,layer_24/width_16k/matryoshka_batch_topk_32,l1,False
0.5756718528995757,0.6266666666666667,0.7307555555555556,1.0,16,67_social-security,24,layer_24/width_16k/p_anneal,l1,False
0.625,0.6666666666666666,0.8809333333333333,1.0,128,67_social-security,24,layer_24/width_16k/p_anneal,l1,False
0.3486793863495852,0.49666666666666665,0.5468000000000001,0.6519999999999999,16,87_glue_cola,24,layer_24/width_16k/gated,l1,False
0.3486793863495852,0.49666666666666665,0.5468000000000001,0.65,128,87_glue_cola,24,layer_24/width_16k/gated,l1,False
0.8119206484259549,0.8133333333333334,0.8658,0.9468000000000001,16,73_control-group,24,layer_24/width_16k/matryoshka_batch_topk_32,l1,False
0.6303780000985658,0.6666666666666666,0.6937777777777778,0.9816,128,73_control-group,24,layer_24/width_16k/matryoshka_batch_topk_32,l1,False
0.6727759302642279,0.6755852842809364,0.7823650708266092,0.9752000000000001,16,5_hist_fig_ismale,24,layer_24/width_16k/standard_new,l1,False
0.8026093668156358,0.802675585284281,0.895956607495069,0.996,128,5_hist_fig_ismale,24,layer_24/width_16k/standard_new,l1,False
0.486643850837815,0.4866666666666667,0.48511111111111105,0.62,16,87_glue_cola,24,layer_24/width_16k/matryoshka_batch_topk_32,l1,False
0.46127946127946123,0.4666666666666667,0.4760888888888888,0.6411999999999999,128,87_glue_cola,24,layer_24/width_16k/matryoshka_batch_topk_32,l1,False
0.6234463446344635,0.6233333333333333,0.6793981481481481,0.6804040404040403,16,7_hist_fig_ispolitician,24,layer_24/width_16k/standard_new,l1,False
0.5764549788312164,0.5766666666666667,0.6343482905982907,0.698989898989899,128,7_hist_fig_ispolitician,24,layer_24/width_16k/standard_new,l1,False
0.5787377450980392,0.6333333333333333,0.8610222222222222,0.9832,16,73_control-group,24,layer_24/width_16k/gated,l1,False
0.5183057100014598,0.5966666666666667,0.8090666666666668,0.9856,128,73_control-group,24,layer_24/width_16k/gated,l1,False
0.5005473453749315,0.5133333333333333,0.4432666666666667,0.7220000000000001,16,90_glue_qnli,24,layer_24/width_16k/batch_topk_32,l1,False
0.4463252527768657,0.45666666666666667,0.4369777777777778,0.818,128,90_glue_qnli,24,layer_24/width_16k/batch_topk_32,l1,False
0.6066666666666667,0.6066666666666667,0.6659099002849003,0.6416161616161616,16,7_hist_fig_ispolitician,24,layer_24/width_16k/gated,l1,False
0.626,0.6266666666666667,0.6329683048433048,0.6816161616161616,128,7_hist_fig_ispolitician,24,layer_24/width_16k/gated,l1,False
0.44609788359788355,0.5533333333333333,0.6511111111111112,0.9520000000000001,16,66_living-room,24,layer_24/width_16k/standard,l1,False
0.37962606426218287,0.5166666666666667,0.6789333333333334,0.9816,128,66_living-room,24,layer_24/width_16k/standard,l1,False
0.767182913250329,0.77,0.8717777777777778,0.9675999999999999,16,6_hist_fig_isamerican,24,layer_24/width_16k/topk_32,l1,False
0.8251434720229556,0.8266666666666667,0.9163111111111111,0.9836,128,6_hist_fig_isamerican,24,layer_24/width_16k/topk_32,l1,False
0.4623655913978495,0.49333333333333335,0.5492,0.8184,16,90_glue_qnli,24,layer_24/width_16k/standard_new,l1,False
0.5074672494027332,0.5166666666666667,0.5287777777777778,0.8408,128,90_glue_qnli,24,layer_24/width_16k/standard_new,l1,False
0.3338153274116918,0.4266666666666667,0.36297777777777773,0.7512,16,90_glue_qnli,24,layer_24/width_16k/jumprelu_32,l1,False
0.4708994708994709,0.49,0.45486666666666664,0.8235999999999999,128,90_glue_qnli,24,layer_24/width_16k/jumprelu_32,l1,False
0.372464236076989,0.5033333333333333,0.5544444444444444,0.6336,16,87_glue_cola,24,layer_24/width_16k/jumprelu_32,l1,False
0.3573482157957044,0.49333333333333335,0.5267777777777778,0.5992000000000001,128,87_glue_cola,24,layer_24/width_16k/jumprelu_32,l1,False
0.675074974731598,0.6755852842809364,0.7331002331002332,0.944,16,5_hist_fig_ismale,24,layer_24/width_16k/gated,l1,False
0.806715051365539,0.8093645484949833,0.897166935628474,0.9896,128,5_hist_fig_ismale,24,layer_24/width_16k/gated,l1,False
0.44609788359788355,0.5533333333333333,0.6503111111111111,0.9520000000000001,16,66_living-room,24,layer_24/width_16k/p_anneal,l1,False
0.38636363636363635,0.52,0.6890222222222222,0.9815999999999999,128,66_living-room,24,layer_24/width_16k/p_anneal,l1,False
0.5786516853932585,0.5933333333333334,0.6795555555555556,0.8268,16,6_hist_fig_isamerican,24,layer_24/width_16k/gated,l1,False
0.7964835018183031,0.7966666666666666,0.8487555555555556,0.9412,128,6_hist_fig_isamerican,24,layer_24/width_16k/gated,l1,False
0.42184882417402475,0.49,0.5301777777777777,0.7316,16,90_glue_qnli,24,layer_24/width_16k/gated,l1,False
0.490836190497887,0.5033333333333333,0.5118444444444444,0.778,128,90_glue_qnli,24,layer_24/width_16k/gated,l1,False
0.8466053087901828,0.8466666666666667,0.9065777777777778,0.9468000000000001,16,6_hist_fig_isamerican,24,layer_24/width_16k/matryoshka_batch_topk_32,l1,False
0.8428286386284848,0.8433333333333334,0.9021333333333332,0.976,128,6_hist_fig_isamerican,24,layer_24/width_16k/matryoshka_batch_topk_32,l1,False
0.6688772214897358,0.6889632107023411,0.7398691052537206,0.8792,16,5_hist_fig_ismale,24,layer_24/width_16k/matryoshka_batch_topk_32,l1,False
0.5120216755657259,0.5250836120401338,0.5826161018468711,0.9364000000000001,128,5_hist_fig_ismale,24,layer_24/width_16k/matryoshka_batch_topk_32,l1,False
0.5503268632464637,0.6033333333333334,0.5905777777777778,0.9535999999999999,16,66_living-room,24,layer_24/width_16k/matryoshka_batch_topk_32,l1,False
0.524700015583606,0.5933333333333334,0.7041777777777778,0.9716,128,66_living-room,24,layer_24/width_16k/matryoshka_batch_topk_32,l1,False
0.5866666666666667,0.5866666666666667,0.6413817663817664,0.7377777777777778,16,7_hist_fig_ispolitician,24,layer_24/width_16k/standard,l1,False
0.5433891487683197,0.5433333333333333,0.5799056267806267,0.6937373737373737,128,7_hist_fig_ispolitician,24,layer_24/width_16k/standard,l1,False
0.6889467592592592,0.7133333333333334,0.838,0.9548,16,73_control-group,24,layer_24/width_16k/batch_topk_32,l1,False
0.6332201296696511,0.67,0.7228888888888889,0.9804,128,73_control-group,24,layer_24/width_16k/batch_topk_32,l1,False
0.7668262461278512,0.77,0.8717777777777778,0.9544,16,6_hist_fig_isamerican,24,layer_24/width_16k/standard_new,l1,False
0.8106060606060607,0.8133333333333334,0.8955555555555555,0.986,128,6_hist_fig_isamerican,24,layer_24/width_16k/standard_new,l1,False
0.4337639439867087,0.44333333333333336,0.41675555555555555,0.7628,16,90_glue_qnli,24,layer_24/width_16k/standard,l1,False
0.512987012987013,0.52,0.5629555555555555,0.8108000000000001,128,90_glue_qnli,24,layer_24/width_16k/standard,l1,False
0.5743258672708308,0.5766666666666667,0.6274483618233618,0.6674747474747474,16,7_hist_fig_ispolitician,24,layer_24/width_16k/matryoshka_batch_topk_32,l1,False
0.6321524422973698,0.6333333333333333,0.65625,0.7244444444444444,128,7_hist_fig_ispolitician,24,layer_24/width_16k/matryoshka_batch_topk_32,l1,False
0.7166383304997167,0.7166666666666667,0.7946666666666667,0.9408000000000001,16,73_control-group,24,layer_24/width_16k/p_anneal,l1,False
0.6218749617591992,0.6566666666666666,0.8720444444444444,0.9531999999999999,128,73_control-group,24,layer_24/width_16k/p_anneal,l1,False
0.3831864387284151,0.5233333333333333,0.6307555555555555,0.9228000000000001,16,66_living-room,24,layer_24/width_16k/jumprelu_32,l1,False
0.47385462198478234,0.5666666666666667,0.5940000000000001,0.972,128,66_living-room,24,layer_24/width_16k/jumprelu_32,l1,False
0.7266666666666667,0.7266666666666667,0.8006222222222222,0.938,16,73_control-group,24,layer_24/width_16k/standard,l1,False
0.6263736263736264,0.66,0.8718666666666667,0.9544,128,73_control-group,24,layer_24/width_16k/standard,l1,False
0.5603805015702517,0.5733333333333334,0.6033653846153846,0.6783838383838383,16,7_hist_fig_ispolitician,24,layer_24/width_16k/jumprelu_32,l1,False
0.5564178560444693,0.57,0.5798165954415954,0.6488888888888888,128,7_hist_fig_ispolitician,24,layer_24/width_16k/jumprelu_32,l1,False
